314237,13798,0,,,,
314350,13798,0,,,Genitalia,Penis
314463,13795,0,,,Stimulation,Vibrator
314576,13797,0,,,,
314689,13798,0,,,,
314802,13797,0,,,,
314915,13798,0,,,,
315028,13797,0,,,,
315141,13798,0,,,,
315254,13804,0,,,,
315367,13804,0,,,,
315481,13807,0,,,,
315594,13808,0,,,,
315707,13807,0,,,,
315820,13808,0,,,,
315933,13807,0,,,,
316046,13807,0,,,,
316159,13801,0,,,,
316272,13804,0,,,,
316385,13803,0,,,,
316498,13801,0,,,,
316611,13803,0,,,,
316724,13803,0,,,,
316837,13800,0,,,,
316950,13803,0,,,,
317064,13800,0,,,,
317177,13798,0,,,,
317290,13799,0,,,,
317403,13799,0,,,,
317516,13802,0,,,,
317629,13800,0,,,,
317742,13799,0,,,,
317856,13798,0,,,,
317969,13800,0,,,,
318082,13802,0,,,,
318195,13800,0,,,,
318308,13805,0,,,,
318421,13820,0,,,,
318534,13837,0,,,,
318647,13860,0,,,,
318760,13904,0,,,,
318873,13960,0,,,,
318986,13985,0,,,,
319099,13943,0,,,,
319212,13890,0,,,,
319325,13859,0,,,,
319439,13847,0,,,,
319552,13841,0,,,,
319665,13837,0,,,,
319778,13831,0,,,,
319891,13831,0,,,,
320004,13828,0,,,,
320117,13824,0,,,,
320230,13827,0,,,,
320343,13830,0,,,,
320456,13839,0,,,,
320569,13844,0,,,,
320683,13847,0,,,,
320796,13851,0,,,,
320909,13852,0,,,,
321022,13852,0,,,,
321135,13852,0,,,,
321248,13855,0,,,,
321361,13857,0,,,,
321474,13854,0,,,,
321587,13854,0,,,,
321700,13852,0,,,,
321813,13850,0,,,,
321926,13852,0,,,,
322039,13858,0,,,,
322153,13855,0,,,,
322266,13850,0,,,,
322379,13846,0,,,,
322492,13839,0,,,,
322605,13831,0,,,,
322719,13831,0,,,,
322832,13830,0,,,,
322945,13830,0,,,,
323058,13828,0,,,,
323171,13827,0,,,,
323284,13831,0,,,,
323397,13832,0,,,,
323510,13836,0,,,,
323623,13831,0,,,,
323736,13827,0,,,,
323849,13823,0,,,,
323962,13823,0,,,,
324076,13830,0,,,,
324189,13834,0,,,,
324302,13836,0,,,,
324415,13835,0,,,,
324528,13839,0,,,,
324641,13846,0,,,,
324754,13842,0,,,,
324868,13837,0,,,,
324981,13831,0,,,,
325094,13831,0,,,,
325207,13834,0,,,,
325320,13841,0,,,,
325433,13840,0,,,,
325546,13848,0,,,,
325659,13851,0,,,,
325772,13849,0,,,,
325885,13848,0,,,,
325998,13836,0,,,,
326112,13827,0,,,,
326225,13826,0,,,,
326338,13826,0,,,,
326451,13832,0,,,,
326564,13837,0,,,,
326677,13840,0,,,,
326790,13830,0,,,,
326904,13820,0,,,,
327017,13819,0,,,,
327130,13828,0,,,,
327243,13826,0,,,,
327356,13827,0,,,,
327469,13832,0,,,,
327582,13833,0,,,,
327695,13835,0,,,,
327808,13834,0,,,,
327921,13837,0,,,,
328035,13835,0,,,,
328148,13829,0,,,,
328261,13825,0,,,,
328374,13824,0,,,,
328487,13827,0,,,,
328600,13828,0,,,,
328713,13829,0,,,,
328826,13826,0,,,,
328939,13823,0,,,,
329052,13825,0,,,,
329165,13826,0,,,,
329278,13827,0,,,,
329391,13827,0,,,,
329504,13825,0,,,,
329618,13827,0,,,,
329731,13827,0,,,,
329844,13825,0,,,,
329957,13824,0,,,,
330070,13825,0,,,,
330183,13827,0,,,,
330296,13825,0,,,,
330409,13821,0,,,,
330522,13817,0,,,,
330636,13814,0,,,,
330749,13815,0,,,,
330862,13814,0,,,,
330975,13813,0,,,,
331088,13814,0,,,,
331201,13816,0,,,,
331314,13820,0,,,,
331427,13823,0,,,,
331540,13824,0,,,,
331653,13825,0,,,,
331766,13827,0,,,,
331879,13831,0,,,,
331992,13830,0,,,,
332106,13828,0,,,,
332219,13832,0,,,,
332332,13840,0,,,,
332446,13847,0,,,,
332559,13855,0,,,,
332672,13875,0,,,,
332785,13876,0,,,,
332898,13865,0,,,,
333011,13857,0,,,,
333124,13846,0,,,,
333237,13838,0,,,,
333350,13833,0,,,,
333464,13834,0,,,,
333577,13832,0,,,,
333690,13825,0,,,,
333803,13822,0,,,,
333916,13820,0,,,,
334029,13824,0,,,,
334142,13824,0,,,,
334255,13823,0,,,,
334368,13823,0,,,,
334481,13817,0,,,,
334594,13815,0,,,,
334707,13812,0,,,,
334820,13817,0,,,,
334934,13819,0,,,,
335047,13819,0,,,,
335160,13820,0,,,,
335273,13817,0,,,,
335386,13813,0,,,,
335499,13812,0,,,,
335612,13812,0,,,,
335725,13819,0,,,,
335838,13822,0,,,,
335951,13820,0,,,,
336064,13821,0,,,,
336177,13817,0,,,,
336290,13816,0,,,,
336403,13814,0,,,,
336517,13813,0,,,,
336630,13810,0,,,,
336743,13809,0,,,,
336856,13808,0,,,,
336969,13805,0,,,,
337082,13800,0,,,,
337195,13798,0,,,,
337308,13798,0,,,,
337421,13796,0,,,,
337534,13794,0,,,,
337647,13790,0,,,,
337760,13792,0,,,,
337874,13799,0,,,,
337987,13800,0,,,,
338100,13801,0,,,,
338213,13801,0,,,,
338326,13803,0,,,,
338439,13803,0,,,,
338552,13802,0,,,,
338665,13804,0,,,,
338778,13805,0,,,,
338891,13807,0,,,,
339004,13802,0,,,,
339117,13799,0,,,,
339231,13800,0,,,,
339344,13798,0,,,,
339457,13793,0,,,,
339570,13789,0,,,,
339683,13790,0,,,,
339796,13802,0,,,,
339909,13805,0,,,,
340022,13805,0,,,,
340135,13802,0,,,,
340248,13801,0,,,,
340361,13802,0,,,,
340474,13800,0,,,,
340588,13794,0,,,,
340701,13789,0,,,,
340814,13787,0,,,,
340927,13792,0,,,,
341040,13796,0,,,,
341153,13796,0,,,,
341266,13795,0,,,,
341379,13794,0,,,,
341492,13792,0,,,,
341605,13794,0,,,,
341718,13790,0,,,,
341831,13784,0,,,,
341944,13778,0,,,,
342057,13775,0,,,,
342171,13775,0,,,,
342284,13772,0,,,,
342397,13773,0,,,,
342510,13778,0,,,,
342623,13786,0,,,,
342736,13802,0,,,,
342849,13815,0,,,,
342962,13847,0,,,,
343075,13886,0,,,,
343188,13903,0,,,,
343301,13884,0,,,,
343415,13840,0,,,,
343528,13813,0,,,,
343641,13798,0,,,,
343754,13792,0,,,,
343867,13791,0,,,,
343980,13785,0,,,,
344093,13774,0,,,,
344206,13765,0,,,,
344319,13760,0,,,,
344432,13761,0,,,,
344545,13762,0,,,,
344658,13759,0,,,,
344771,13756,0,,,,
344885,13756,0,,,,
344998,13759,0,,,,
345111,13756,0,,,,
345224,13755,0,,,,
345337,13752,0,,,,
345451,13752,0,,,,
345564,13753,0,,,,
345677,13753,0,,,,
345790,13754,0,,,,
345904,13751,0,,,,
346017,13749,0,,,,
346130,13748,0,,,,
346243,13753,0,,,,
346356,13754,0,,,,
346469,13756,0,,,,
346582,13760,0,,,,
346695,13762,0,,,,
346808,13763,0,,,,
346921,13757,0,,,,
347034,13749,0,,,,
347147,13743,0,,,,
347260,13743,0,,,,
347374,13743,0,,,,
347487,13750,0,,,,
347600,13756,0,,,,
347713,13759,0,,,,
347826,13766,0,,,,
347939,13771,0,,,,
348053,13776,0,,,,
348166,13773,0,,,,
348279,13768,0,,,,
348392,13763,0,,,,
348505,13760,0,,,,
348618,13760,0,,,,
348731,13761,0,,,,
348844,13759,0,,,,
348957,13755,0,,,,
349070,13752,0,,,,
349183,13748,0,,,,
349296,13752,0,,,,
349410,13756,0,,,,
349523,13756,0,,,,
349636,13756,0,,,,
349749,13758,0,,,,
349862,13763,0,,,,
349975,13762,0,,,,
350088,13761,0,,,,
350201,13761,0,,,,
350314,13758,0,,,,
350427,13756,0,,,,
350540,13761,0,,,,
350653,13757,0,,,,
350767,13753,0,,,,
350880,13750,0,,,,
350993,13749,0,,,,
351106,13751,0,,,,
351219,13750,0,,,,
351332,13751,0,,,,
351445,13753,0,,,,
351558,13757,0,,,,
351671,13761,0,,,,
351784,13765,0,,,,
351897,13767,0,,,,
352011,13774,0,,,,
352124,13812,0,,,,
352237,13903,0,,,,
352350,13931,0,,,,
352463,13900,0,,,,
352576,13833,0,,,,
352689,13804,0,,,,
352802,13787,0,,,,
352915,13772,0,,,,
353029,13766,0,,,,
353142,13761,0,,,,
353255,13758,0,,,,
353368,13761,0,,,,
353481,13763,0,,,,
353594,13765,0,,,,
353707,13765,0,,,,
353820,13767,0,,,,
353933,13766,0,,,,
354046,13764,0,,,,
354160,13763,0,,,,
354273,13763,0,,,,
354386,13758,0,,,,
354499,13759,0,,,,
354612,13758,0,,,,
354725,13753,0,,,,
354838,13751,0,,,,
354951,13752,0,,,,
355064,13756,0,,,,
355177,13756,0,,,,
355291,13755,0,,,,
355404,13753,0,,,,
355517,13752,0,,,,
355630,13753,0,,,,
355743,13750,0,,,,
355856,13747,0,,,,
355969,13746,0,,,,
356082,13754,0,,,,
356196,13759,0,,,,
356309,13762,0,,,,
356422,13766,0,,,,
356535,13769,0,,,,
356648,13761,0,,,,
356761,13756,0,,,,
356874,13755,0,,,,
356987,13747,0,,,,
357100,13741,0,,,,
357213,13735,0,,,,
357327,13736,0,,,,
357440,13739,0,,,,
357553,13739,0,,,,
357666,13744,0,,,,
357779,13751,0,,,,
357892,13756,0,,,,
358005,13767,0,,,,
358118,13777,0,,,,
358232,13789,0,,,,
358345,13801,0,,,,
358458,13802,0,,,,
358571,13797,0,,,,
358684,13794,0,,,,
358797,13793,0,,,,
358910,13785,0,,,,
359023,13780,0,,,,
359136,13778,0,,,,
359249,13773,0,,,,
359362,13771,0,,,,
359476,13768,0,,,,
359589,13771,0,,,,
359702,13781,0,,,,
359815,13780,0,,,,
359928,13781,0,,,,
360041,13775,0,,,,
360154,13771,0,,,,
360267,13778,0,,,,
360380,13777,0,,,,
360493,13784,0,,,,
360606,13790,0,,,,
360719,13788,0,,,,
360833,13789,0,,,,
360946,13785,0,,,,
361059,13784,0,,,,
361172,13788,0,,,,
361285,13796,0,,,,
361398,13811,0,,,,
361511,13809,0,,,,
361624,13802,0,,,,
361737,13787,0,,,,
361850,13769,0,,,,
361963,13764,0,,,,
362077,13758,0,,,,
362190,13757,0,,,,
362303,13745,0,,,,
362416,13736,0,,,,
362529,13738,0,,,,
362642,13738,0,,,,
362755,13736,0,,,,
362868,13731,0,,,,
362981,13727,0,,,,
363094,13724,0,,,,
363207,13720,0,,,,
363321,13719,0,,,,
363434,13717,0,,,,
363547,13721,0,,,,
363660,13721,0,,,,
363773,13720,0,,,,
363886,13720,0,,,,
363999,13719,0,,,,
364112,13722,0,,,,
364225,13724,0,,,,
364338,13725,0,,,,
364451,13725,0,,,,
364565,13725,0,,,,
364678,13725,0,,,,
364791,13725,0,,,,
364904,13722,0,,,,
365017,13721,0,,,,
365130,13719,0,,,,
365243,13721,0,,,,
365356,13726,0,,,,
365469,13728,0,,,,
365582,13726,0,,,,
365695,13730,0,,,,
365809,13733,0,,,,
365922,13742,0,,,,
366035,13745,0,,,,
366148,13748,0,,,,
366261,13749,0,,,,
366374,13753,0,,,,
366487,13759,0,,,,
366600,13766,0,,,,
366713,13767,0,,,,
366826,13764,0,,,,
366939,13760,0,,,,
367053,13762,0,,,,
367166,13770,0,,,,
367279,13801,0,,,,
367392,13864,0,,,,
367505,13924,0,,,,
367618,13919,0,,,,
367731,13881,0,,,,
367844,13818,0,,,,
367957,13775,0,,,,
368070,13759,0,,,,
368183,13748,0,,,,
368296,13752,0,,,,
368410,13759,0,,,,
368523,13780,0,,,,
368636,13807,0,,,,
368749,13839,0,,,,
368862,13834,0,,,,
368975,13813,0,,,,
369088,13785,0,,,,
369201,13763,0,,,,
369314,13751,0,,,,
369426,13747,0,,,,
369538,13742,0,,,,
369650,13738,0,,,,
369762,13735,0,,,,
369874,13733,0,,,,
369986,13737,0,,,,
370098,13735,0,,,,
370211,13736,0,,,,
370323,13737,0,,,,
370435,13734,0,,,,
370547,13740,0,,,,
370659,13745,0,,,,
370771,13758,0,,,,
370884,13758,0,,,,
370996,13751,0,,,,
371108,13743,0,,,,
371220,13729,0,,,,
371332,13718,0,,,,
371445,13714,0,,,,
371558,13712,0,,,,
371671,13716,0,,,,
371784,13716,0,,,,
371896,13710,0,,,,
372009,13707,0,,,,
372122,13707,0,,,,
372235,13710,0,,,,
372348,13707,0,,,,
372461,13709,0,,,,
372574,13709,0,,,,
372687,13718,0,,,,
372801,13737,0,,,,
372914,13782,0,,,,
373027,13839,0,,,,
373140,13854,0,,,,
373253,13830,0,,,,
373366,13782,0,,,,
373479,13735,0,,,,
373592,13713,0,,,,
373706,13703,0,,,,
373819,13703,0,,,,
373932,13704,0,,,,
374045,13703,0,,,,
374158,13701,0,,,,
374271,13698,0,,,,
374384,13697,0,,,,
374497,13692,0,,,,
374610,13688,0,,,,
374723,13697,0,,,,
374836,13713,0,,,,
374949,13738,0,,,,
375063,13767,0,,,,
375176,13755,0,,,,
375289,13744,0,,,,
375402,13732,0,,,,
375515,13720,0,,,,
375628,13713,0,,,,
375741,13712,0,,,,
375854,13710,0,,,,
375967,13713,0,,,,
376081,13727,0,,,,
376194,13750,0,,,,
376307,13774,0,,,,
376420,13792,0,,,,
376533,13795,0,,,,
376646,13768,0,,,,
376759,13742,0,,,,
376872,13720,0,,,,
376985,13710,0,,,,
377098,13703,0,,,,
377211,13700,0,,,,
377325,13699,0,,,,
377438,13700,0,,,,
377551,13699,0,,,,
377664,13696,0,,,,
377777,13696,0,,,,
377890,13698,0,,,,
378003,13694,0,,,,
378116,13693,0,,,,
378229,13689,0,,,,
378342,13690,0,,,,
378455,13692,0,,,,
378568,13691,0,,,,
378681,13687,0,,,,
378794,13683,0,,,,
378908,13684,0,,,,
379021,13689,0,,,,
379134,13688,0,,,,
379247,13698,0,,,,
379360,13731,0,,,,
379473,13763,0,,,,
379586,13767,0,,,,
379699,13741,0,,,,
379812,13708,0,,,,
379925,13696,0,,,,
380038,13696,0,,,,
380151,13698,0,,,,
380264,13695,0,,,,
380378,13692,0,,,,
380491,13685,0,,,,
380604,13678,0,,,,
380717,13677,0,,,,
380830,13681,0,,,,
380943,13682,0,,,,
381056,13689,0,,,,
381169,13689,0,,,,
381282,13693,0,,,,
381395,13701,0,,,,
381508,13714,0,,,,
381622,13720,0,,,,
381735,13718,0,,,,
381848,13717,0,,,,
381961,13723,0,,,,
382074,13718,0,,,,
382187,13715,0,,,,
382300,13704,0,,,,
382413,13691,0,,,,
382526,13690,0,,,,
382639,13692,0,,,,
382752,13694,0,,,,
382865,13694,0,,,,
382978,13697,0,,,,
383092,13704,0,,,,
383205,13703,0,,,,
383318,13697,0,,,,
383431,13689,0,,,,
383545,13684,0,,,,
383658,13689,0,,,,
383771,13691,0,,,,
383884,13689,0,,,,
383997,13687,0,,,,
384110,13686,0,,,,
384223,13686,0,,,,
384336,13688,0,,,,
384449,13695,0,,,,
384562,13701,0,,,,
384675,13702,0,,,,
384788,13704,0,,,,
384901,13705,0,,,,
385014,13695,0,,,,
385127,13690,0,,,,
385240,13692,0,,,,
385353,13690,0,,,,
385466,13691,0,,,,
385579,13684,0,,,,
385692,13683,0,,,,
385805,13688,0,,,,
385918,13689,0,,,,
386031,13688,0,,,,
386144,13686,0,,,,
386257,13689,0,,,,
386371,13686,0,,,,
386484,13680,0,,,,
386597,13678,0,,,,
386710,13677,0,,,,
386823,13678,0,,,,
386936,13677,0,,,,
387049,13670,0,,,,
387162,13669,0,,,,
387275,13666,0,,,,
387388,13674,0,,,,
387501,13679,0,,,,
387614,13682,0,,,,
387727,13683,0,,,,
387840,13677,0,,,,
387954,13675,0,,,,
388067,13671,0,,,,
388180,13670,0,,,,
388293,13673,0,,,,
388406,13672,0,,,,
388519,13673,0,,,,
388632,13675,0,,,,
388745,13677,0,,,,
388858,13683,0,,,,
388972,13687,0,,,,
389085,13692,0,,,,
389198,13695,0,,,,
389311,13702,0,,,,
389424,13704,0,,,,
389537,13707,0,,,,
389650,13700,0,,,,
389764,13697,0,,,,
389877,13701,0,,,,
389990,13703,0,,,,
390103,13719,0,,,,
390216,13733,0,,,,
390329,13761,0,,,,
390442,13769,0,,,,
390555,13752,0,,,,
390668,13726,0,,,,
390781,13696,0,,,,
390895,13678,0,,,,
391008,13677,0,,,,
391121,13684,0,,,,
391234,13694,0,,,,
391347,13695,0,,,,
391460,13700,0,,,,
391573,13699,0,,,,
391686,13694,0,,,,
391800,13692,0,,,,
391913,13692,0,,,,
392026,13692,0,,,,
392139,13690,0,,,,
392252,13744,0,,,,
392365,13690,0,,,,
392478,13679,0,,,,
392591,13665,0,,,,
392704,13667,0,,,,
392817,13674,0,,,,
392930,13679,0,,,,
393044,13678,0,,,,
393157,13672,0,,,,
393270,13666,0,,,,
393383,13666,0,,,,
393496,13678,0,,,,
393609,13687,0,,,,
393722,13685,0,,,,
393835,13679,0,,,,
393948,13678,0,,,,
394061,13681,0,,,,
394174,13694,0,,,,
394288,13686,0,,,,
394401,13675,0,,,,
394514,13660,0,,,,
394627,13657,0,,,,
394740,13647,0,,,,
394853,13641,0,,,,
394966,13640,0,,,,
395079,13640,0,,,,
395192,13642,0,,,,
395305,13641,0,,,,
395418,13634,0,,,,
395531,13628,0,,,,
395644,13621,0,,,,
395758,13626,0,,,,
395871,13664,0,,,,
395984,13674,0,,,,
396097,13667,0,,,,
396210,13668,0,,,,
396323,13672,0,,,,
396436,13680,0,,,,
396549,13675,0,,,,
396663,13677,0,,,,
396776,13677,0,,,,
396889,13700,0,,,,
397002,13708,0,,,,
397115,13704,0,,,,
397228,13707,0,,,,
397341,13710,0,,,,
397454,13718,0,,,,
397567,13722,0,,,,
397680,13732,0,,,,
397793,13737,0,,,,
397906,13732,0,,,,
398019,13710,0,,,,
398133,13701,0,,,,
398246,13681,0,,,,
398359,13696,0,,,,
398472,13720,0,,,,
398585,13707,0,,,,
398698,13716,0,,,,
398811,13694,0,,,,
398924,13659,0,,,,
399037,13645,0,,,,
399150,13654,0,,,,
399263,13653,0,,,,
399377,13638,0,,,,
399490,13622,0,,,,
399603,13616,0,,,,
399716,13625,0,,,,
399829,13620,0,,,,
399942,13623,0,,,,
400055,13609,0,,,,
400168,13600,0,,,,
400281,13602,0,,,,
400394,13598,0,,,,
400507,13591,0,,,,
400620,13588,0,,,,
400733,13591,0,,,,
400847,13594,0,,,,
400960,13591,0,,,,
401072,13591,0,,,,
401186,13587,0,,,,
401299,13585,0,,,,
401412,13586,0,,,,
401525,13586,0,,,,
401638,13583,0,,,,
401751,13586,0,,,,
401865,13586,0,,,,
401978,13591,0,,,,
402091,13597,0,,,,
402204,13605,0,,,,
402317,13617,0,,,,
402430,13622,0,,,,
402543,13619,0,,,,
402656,13611,0,,,,
402769,13598,0,,,,
402882,13597,0,,,,
402995,13595,0,,,,
403108,13597,0,,,,
403222,13601,0,,,,
403335,13629,0,,,,
403448,13649,0,,,,
403561,13661,0,,,,
403674,13671,0,,,,
403787,13678,0,,,,
403900,13729,0,,,,
404013,13724,0,,,,
404126,13720,0,,,,
404239,13706,0,,,,
404352,13678,0,,,,
404465,13673,0,,,,
404578,13655,0,,,,
404692,13641,0,,,,
404805,13636,0,,,,
404918,13643,0,,,,
405031,13637,0,,,,
405144,13631,0,,,,
405257,13634,0,,,,
405370,13660,0,,,,
405483,13688,0,,,,
405596,13698,0,,,,
405709,13689,0,,,,
405822,13684,0,,,,
405935,13674,0,,,,
406049,13672,0,,,,
406162,13674,0,,,,
406275,13674,0,,,,
406388,13668,0,,,,
406501,13668,0,,,,
406614,13677,0,,,,
406727,13677,0,,,,
406841,13673,0,,,,
406954,13665,0,,,,
407067,13666,0,,,,
407180,13667,0,,,,
407293,13659,0,,,,
407406,13655,0,,,,
407519,13657,0,,,,
407632,13661,0,,,,
407745,13672,0,,,,
407858,13674,0,,,,
407971,13672,0,,,,
408084,13667,0,,,,
408198,13674,0,,,,
408311,13673,0,,,,
408424,13673,0,,,,
408537,13687,0,,,,
408650,13687,0,,,,
408763,13704,0,,,,
408877,13723,0,,,,
408990,13733,0,,,,
409103,13744,0,,,,
409216,13732,0,,,,
409329,13696,0,,,,
409442,13663,0,,,,
409555,13652,0,,,,
409668,13660,0,,,,
409781,13669,0,,,,
409894,13665,0,,,,
410007,13658,0,,,,
410120,13653,0,,,,
410233,13640,0,,,,
410346,13630,0,,,,
410460,13611,0,,,,
410573,13594,0,,,,
410686,13591,0,,,,
410799,13594,0,,,,
410912,13594,0,,,,
411025,13589,0,,,,
411139,13583,0,,,,
411252,13580,0,,,,
411365,13573,0,,,,
411478,13576,0,,,,
411591,13576,0,,,,
411704,13576,0,,,,
411817,13579,0,,,,
411930,13582,0,,,,
412043,13581,0,,,,
412156,13623,0,,,,
412269,13577,0,,,,
412382,13579,0,,,,
412495,13583,0,,,,
412608,13592,0,,,,
412722,13597,0,,,,
412835,13595,0,,,,
412948,13596,0,,,,
413061,13595,0,,,,
413174,13593,0,,,,
413287,13588,0,,,,
413401,13583,0,,,,
413514,13576,0,,,,
413627,13579,0,,,,
413740,13591,0,,,,
413853,13625,0,,,,
413966,13646,0,,,,
414079,13665,0,,,,
414192,13699,0,,,,
414305,13717,0,,,,
414418,13696,0,,,,
414531,13667,0,,,,
414644,13643,0,,,,
414757,13624,0,,,,
414871,13610,0,,,,
414984,13592,0,,,,
415097,13584,0,,,,
415210,13582,0,,,,
415323,13589,0,,,,
415436,13596,0,,,,
415549,13591,0,,,,
415662,13581,0,,,,
415775,13575,0,,,,
415888,13574,0,,,,
416001,13576,0,,,,
416115,13576,0,,,,
416228,13580,0,,,,
416341,13589,0,,,,
416454,13589,0,,,,
416567,13601,0,,,,
416680,13605,0,,,,
416793,13611,0,,,,
416906,13617,0,,,,
417019,13620,0,,,,
417133,13632,0,,,,
417246,13634,0,,,,
417359,13638,0,,,,
417472,13635,0,,,,
417585,13628,0,,,,
417698,13619,0,,,,
417811,13631,0,,,,
417924,13632,0,,,,
418037,13628,0,,,,
418150,13621,0,,,,
418263,13625,0,,,,
418377,13628,0,,,,
418490,13637,0,,,,
418603,13672,0,,,,
418716,13700,0,,,,
418829,13697,0,,,,
418942,13667,0,,,,
419055,13645,0,,,,
419168,13626,0,,,,
419281,13615,0,,,,
419394,13612,0,,,,
419507,13609,0,,,,
419620,13611,0,,,,
419734,13614,0,,,,
419847,13622,0,,,,
419960,13630,0,,,,
420073,13621,0,,,,
420186,13609,0,,,,
420299,13599,0,,,,
420412,13592,0,,,,
420525,13595,0,,,,
420638,13601,0,,,,
420751,13613,0,,,,
420864,13620,0,,,,
420978,13622,0,,,,
421091,13630,0,,,,
421204,13620,0,,,,
421317,13606,0,,,,
421430,13597,0,,,,
421543,13596,0,,,,
421656,13601,0,,,,
421769,13600,0,,,,
421882,13599,0,,,,
421995,13600,0,,,,
422108,13603,0,,,,
422222,13609,0,,,,
422335,13610,0,,,,
422448,13618,0,,,,
422561,13675,0,,,,
422674,13745,0,,,,
422788,13766,0,,,,
422901,13740,0,,,,
423014,13715,0,,,,
423127,13703,0,,,,
423240,13683,0,,,,
423353,13663,0,,,,
423466,13649,0,,,,
423579,13629,0,,,,
423692,13623,0,,,,
423805,13617,0,,,,
423918,13618,0,,,,
424031,13623,0,,,,
424144,13630,0,,,,
424258,13631,0,,,,
424371,13638,0,,,,
424484,13641,0,,,,
424597,13637,0,,,,
424710,13631,0,,,,
424823,13627,0,,,,
424936,13628,0,,,,
425050,13622,0,,,,
425163,13608,0,,,,
425276,13599,0,,,,
425389,13597,0,,,,
425502,13601,0,,,,
425615,13602,0,,,,
425728,13602,0,,,,
425841,13603,0,,,,
425954,13612,0,,,,
426067,13630,0,,,,
426180,13625,0,,,,
426294,13626,0,,,,
426407,13626,0,,,,
426520,13617,0,,,,
426633,13613,0,,,,
426746,13606,0,,,,
426859,13604,0,,,,
426972,13601,0,,,,
427085,13602,0,,,,
427198,13602,0,,,,
427311,13601,0,,,,
427424,13602,0,,,,
427537,13603,0,,,,
427651,13606,0,,,,
427764,13619,0,,,,
427877,13627,0,,,,
427990,13637,0,,,,
428103,13640,0,,,,
428216,13641,0,,,,
428329,13644,0,,,,
428442,13638,0,,,,
428555,13634,0,,,,
428668,13631,0,,,,
428781,13630,0,,,,
428894,13627,0,,,,
429007,13614,0,,,,
429120,13617,0,,,,
429233,13648,0,,,,
429346,13693,0,,,,
429460,13715,0,,,,
429573,13722,0,,,,
429686,13731,0,,,,
429799,13688,0,,,,
429912,13641,0,,,,
430025,13628,0,,,,
430138,13620,0,,,,
430251,13622,0,,,,
430364,13624,0,,,,
430477,13623,0,,,,
430590,13622,0,,,,
430702,13621,0,,,,
430815,13629,0,,,,
430928,13662,0,,,,
431041,13672,0,,,,
431154,13679,0,,,,
431267,13681,0,,,,
431379,13665,0,,,,
431492,13648,0,,,,
431606,13635,0,,,,
431719,13622,0,,,,
431832,13618,0,,,,
431945,13615,0,,,,
432057,13624,0,,,,
432170,13661,0,,,,
432283,13700,0,,,,
432396,13733,0,,,,
432509,13718,0,,,,
432622,13658,0,,,,
432735,13617,0,,,,
432848,13598,0,,,,
432961,13597,0,,,,
433074,13591,0,,,,
433187,13583,0,,,,
433301,13584,0,,,,
433415,13587,0,,,,
433528,13580,0,,,,
433641,13576,0,,,,
433754,13580,0,,,,
433867,13585,0,,,,
433980,13591,0,,,,
434093,13588,0,,,,
434206,13588,0,,,,
434319,13587,0,,,,
434432,13592,0,,,,
434545,13598,0,,,,
434658,13599,0,,,,
434772,13603,0,,,,
434885,13602,0,,,,
434998,13607,0,,,,
435111,13605,0,,,,
435224,13604,0,,,,
435337,13597,0,,,,
435450,13591,0,,,,
435563,13591,0,,,,
435676,13589,0,,,,
435789,13595,0,,,,
435902,13632,0,,,,
436016,13668,0,,,,
436129,13670,0,,,,
436242,13635,0,,,,
436355,13591,0,,,,
436468,13573,0,,,,
436581,13573,0,,,,
436694,13568,0,,,,
436807,13563,0,,,,
436920,13559,0,,,,
437033,13558,0,,,,
437146,13556,0,,,,
437259,13554,0,,,,
437373,13551,0,,,,
437486,13549,0,,,,
437599,13549,0,,,,
437712,13544,0,,,,
437825,13548,0,,,,
437938,13547,0,,,,
438051,13548,0,,,,
438164,13549,0,,,,
438277,13545,0,,,,
438390,13546,0,,,,
438504,13548,0,,,,
438617,13552,0,,,,
438730,13588,0,,,,
438843,13613,0,,,,
438956,13639,0,,,,
439069,13640,0,,,,
439182,13613,0,,,,
439295,13590,0,,,,
439408,13579,0,,,,
439521,13578,0,,,,
439634,13579,0,,,,
439747,13583,0,,,,
439861,13586,0,,,,
439974,13593,0,,,,
440087,13589,0,,,,
440200,13592,0,,,,
440313,13586,0,,,,
440426,13573,0,,,,
440539,13558,0,,,,
440652,13550,0,,,,
440765,13562,0,,,,
440879,13568,0,,,,
440992,13597,0,,,,
441105,13567,0,,,,
441218,13567,0,,,,
441332,13565,0,,,,
441445,13570,0,,,,
441558,13582,0,,,,
441671,13584,0,,,,
441784,13578,0,,,,
441898,13570,0,,,,
442011,13573,0,,,,
442124,13612,0,,,,
442237,13586,0,,,,
442350,13581,0,,,,
442463,13564,0,,,,
442576,13551,0,,,,
442689,13551,0,,,,
442802,13569,0,,,,
442915,13631,0,,,,
443028,13670,0,,,,
443141,13676,0,,,,
443254,13683,0,,,,
443368,13682,0,,,,
443481,13668,0,,,,
443594,13631,0,,,,
443707,13605,0,,,,
443820,13593,0,,,,
443933,13587,0,,,,
444047,13586,0,,,,
444159,13577,0,,,,
444272,13563,0,,,,
444385,13550,0,,,,
444498,13549,0,,,,
444611,13554,0,,,,
444724,13572,0,,,,
444837,13587,0,,,,
444951,13598,0,,,,
445064,13594,0,,,,
445177,13573,0,,,,
445290,13561,0,,,,
445403,13563,0,,,,
445516,13566,0,,,,
445629,13578,0,,,,
445742,13591,0,,,,
445855,13601,0,,,,
445968,13597,0,,,,
446081,13592,0,,,,
446195,13587,0,,,,
446308,13574,0,,,,
446421,13562,0,,,,
446534,13560,0,,,,
446647,13562,0,,,,
446760,13558,0,,,,
446873,13573,0,,,,
446986,13579,0,,,,
447099,13583,0,,,,
447213,13586,0,,,,
447326,13580,0,,,,
447439,13576,0,,,,
447552,13573,0,,,,
447665,13576,0,,,,
447778,13579,0,,,,
447891,13597,0,,,,
448004,13626,0,,,,
448117,13638,0,,,,
448230,13654,0,,,,
448343,13676,0,,,,
448457,13668,0,,,,
448570,13649,0,,,,
448683,13633,0,,,,
448796,13609,0,,,,
448909,13599,0,,,,
449022,13586,0,,,,
449135,13578,0,,,,
449248,13578,0,,,,
449361,13576,0,,,,
449475,13572,0,,,,
449588,13568,0,,,,
449701,13562,0,,,,
449814,13562,0,,,,
449927,13558,0,,,,
450040,13552,0,,,,
450153,13548,0,,,,
450266,13550,0,,,,
450379,13551,0,,,,
450492,13556,0,,,,
450605,13588,0,,,,
450718,13642,0,,,,
450831,13681,0,,,,
450945,13694,0,,,,
451058,13669,0,,,,
451171,13645,0,,,,
451284,13618,0,,,,
451397,13602,0,,,,
451510,13595,0,,,,
451623,13597,0,,,,
451736,13575,0,,,,
451849,13584,0,,,,
451962,13587,0,,,,
452075,13582,0,,,,
452189,13579,0,,,,
452302,13573,0,,,,
452415,13579,0,,,,
452528,13580,0,,,,
452641,13583,0,,,,
452754,13580,0,,,,
452867,13579,0,,,,
452980,13589,0,,,,
453093,13592,0,,,,
453206,13601,0,,,,
453319,13620,0,,,,
453433,13649,0,,,,
453546,13653,0,,,,
453659,13641,0,,,,
453772,13615,0,,,,
453885,13596,0,,,,
453998,13586,0,,,,
454111,13578,0,,,,
454224,13574,0,,,,
454337,13574,0,,,,
454450,13575,0,,,,
454563,13582,0,,,,
454677,13581,0,,,,
454790,13583,0,,,,
454903,13581,0,,,,
455016,13587,0,,,,
455129,13598,0,,,,
455242,13612,0,,,,
455355,13634,0,,,,
455468,13674,0,,,,
455581,13671,0,,,,
455694,13665,0,,,,
455807,13646,0,,,,
455920,13633,0,,,,
456033,13622,0,,,,
456147,13617,0,,,,
456260,13664,0,,,,
456373,13693,0,,,,
456486,13690,0,,,,
456599,13673,0,,,,
456712,13637,0,,,,
456825,13604,0,,,,
456938,13585,0,,,,
457051,13578,0,,,,
457164,13568,0,,,,
457277,13565,0,,,,
457390,13565,0,,,,
457504,13585,0,,,,
457617,13618,0,,,,
457730,13621,0,,,,
457843,13621,0,,,,
457956,13576,0,,,,
458069,13540,0,,,,
458182,13529,0,,,,
458295,13534,0,,,,
458408,13536,0,,,,
458521,13534,0,,,,
458635,13534,0,,,,
458748,13535,0,,,,
458861,13534,0,,,,
458974,13542,0,,,,
459087,13544,0,,,,
459200,13538,0,,,,
459313,13540,0,,,,
459426,13542,0,,,,
459539,13550,0,,,,
459652,13575,0,,,,
459765,13596,0,,,,
459878,13632,0,,,,
459991,13641,0,,,,
460105,13605,0,,,,
460218,13568,0,,,,
460331,13561,0,,,,
460444,13559,0,,,,
460557,13554,0,,,,
460670,13544,0,,,,
460783,13540,0,,,,
460896,13539,0,,,,
461009,13532,0,,,,
461122,13525,0,,,,
461235,13520,0,,,,
461348,13522,0,,,,
461462,13524,0,,,,
461575,13519,0,,,,
461688,13519,0,,,,
461801,13520,0,,,,
461914,13526,0,,,,
462028,13527,0,,,,
462141,13524,0,,,,
462254,13528,0,,,,
462367,13602,0,,,,
462480,13664,0,,,,
462593,13679,0,,,,
462706,13656,0,,,,
462819,13630,0,,,,
462932,13574,0,,,,
463045,13550,0,,,,
463158,13549,0,,,,
463271,13559,0,,,,
463384,13545,0,,,,
463498,13562,0,,,,
463611,13565,0,,,,
463724,13576,0,,,,
463837,13577,0,,,,
463950,13589,0,,,,
464063,13581,0,,,,
464176,13550,0,,,,
464289,13529,0,,,,
464402,13524,0,,,,
464515,13523,0,,,,
464628,13532,0,,,,
464742,13559,0,,,,
464855,13612,0,,,,
464968,13630,0,,,,
465081,13632,0,,,,
465194,13641,0,,,,
465307,13605,0,,,,
465420,13559,0,,,,
465533,13544,0,,,,
465646,13544,0,,,,
465759,13539,0,,,,
465872,13530,0,,,,
465985,13529,0,,,,
466098,13544,0,,,,
466212,13571,0,,,,
466325,13624,0,,,,
466438,13656,0,,,,
466551,13671,0,,,,
466664,13702,0,,,,
466777,13705,0,,,,
466890,13668,0,,,,
467003,13597,0,,,,
467116,13553,0,,,,
467229,13535,0,,,,
467342,13511,0,,,,
467456,13488,0,,,,
467569,13474,0,,,,
467682,13462,0,,,,
467795,13458,0,,,,
467908,13456,0,,,,
468021,13471,0,,,,
468134,13480,0,,,,
468247,13500,0,,,,
468360,13530,0,,,,
468473,13562,0,,,,
468586,13586,0,,,,
468699,13611,0,,,,
468813,13632,0,,,,
468926,13649,0,,,,
469039,13649,0,,,,
469152,13644,0,,,,
469265,13634,0,,,,
469378,13589,0,,,,
469491,13558,0,,,,
469604,13528,0,,,,
469717,13516,0,,,,
469830,13500,0,,,,
469943,13495,0,,,,
470056,13488,0,,,,
470169,13485,0,,,,
470282,13480,0,,,,
470396,13479,0,,,,
470509,13473,0,,,,
470622,13468,0,,,,
470735,13463,0,,,,
470848,13460,0,,,,
470961,13459,0,,,,
471074,13475,0,,,,
471187,13520,0,,,,
471300,13549,0,,,,
471413,13565,0,,,,
471526,13584,0,,,,
471639,13561,0,,,,
471752,13528,0,,,,
471866,13520,0,,,,
471979,13518,0,,,,
472092,13509,0,,,,
472205,13505,0,,,,
472318,13499,0,,,,
472431,13499,0,,,,
472545,13496,0,,,,
472658,13494,0,,,,
472771,13493,0,,,,
472884,13492,0,,,,
472997,13494,0,,,,
473110,13487,0,,,,
473223,13502,0,,,,
473336,13538,0,,,,
473449,13561,0,,,,
473562,13595,0,,,,
473675,13617,0,,,,
473789,13598,0,,,,
473902,13565,0,,,,
474015,13545,0,,,,
474128,13535,0,,,,
474241,13521,0,,,,
474354,13511,0,,,,
474467,13500,0,,,,
474580,13495,0,,,,
474693,13489,0,,,,
474807,13487,0,,,,
474920,13490,0,,,,
475033,13498,0,,,,
475146,13509,0,,,,
475259,13505,0,,,,
475372,13494,0,,,,
475485,13482,0,,,,
475598,13484,0,,,,
475711,13489,0,,,,
475824,13487,0,,,,
475937,13487,0,,,,
476051,13485,0,,,,
476164,13489,0,,,,
476277,13488,0,,,,
476390,13489,0,,,,
476503,13493,0,,,,
476616,13499,0,,,,
476729,13512,0,,,,
476842,13519,0,,,,
476955,13525,0,,,,
477068,13549,0,,,,
477181,13575,0,,,,
477294,13588,0,,,,
477407,13548,0,,,,
477521,13517,0,,,,
477634,13502,0,,,,
477747,13504,0,,,,
477860,13498,0,,,,
477973,13488,0,,,,
478086,13478,0,,,,
478199,13477,0,,,,
478312,13471,0,,,,
478425,13474,0,,,,
478538,13484,0,,,,
478651,13483,0,,,,
478764,13488,0,,,,
478877,13500,0,,,,
478990,13517,0,,,,
479103,13538,0,,,,
479217,13565,0,,,,
479330,13582,0,,,,
479443,13599,0,,,,
479556,13599,0,,,,
479669,13581,0,,,,
479782,13557,0,,,,
479895,13539,0,,,,
480008,13525,0,,,,
480121,13522,0,,,,
480234,13522,0,,,,
480347,13512,0,,,,
480461,13521,0,,,,
480574,13558,0,,,,
480687,13587,1,,,,
480800,13624,1,,,,
480913,13628,1,,,,
481026,13675,1,,,,
481139,13650,1,,,,
481252,13596,1,,,,
481365,13547,1,,,,
481478,13533,1,,,,
481591,13519,1,,,,
481704,13513,1,,,,
481818,13502,1,,,,
481931,13497,1,,,,
482044,13495,1,,,,
482157,13503,1,,,,
482270,13511,1,,,,
482383,13508,1,,,,
482496,13505,1,,,,
482610,13498,1,,,,
482723,13501,1,,,,
482836,13526,1,,,,
482949,13571,1,,,,
483062,13602,1,,,,
483175,13630,1,,,,
483288,13675,1,,,,
483401,13606,1,,,,
483514,13549,1,,,,
483627,13525,1,,,,
483740,13524,1,,,,
483853,13509,1,,,,
483967,13498,1,,,,
484080,13487,1,,,,
484193,13480,1,,,,
484306,13484,1,,,,
484419,13512,1,,,,
484532,13559,1,,,,
484645,13571,1,,,,
484758,13551,1,,,,
484871,13512,1,,,,
484984,13495,1,,,,
485097,13485,1,,,,
485211,13480,1,,,,
485324,13472,1,,,,
485437,13467,1,,,,
485550,13480,1,,,,
485663,13508,1,,,,
485776,13535,1,,,,
485889,13562,1,,,,
486002,13601,1,,,,
486115,13591,1,,,,
486228,13543,1,,,,
486341,13516,1,,,,
486455,13493,1,,,,
486568,13483,1,,,,
486681,13480,1,,,,
486794,13470,1,,,,
486907,13455,1,,,,
487020,13472,1,,,,
487133,13515,1,,,,
487246,13536,1,,,,
487359,13590,1,,,,
487472,13602,1,,,,
487585,13591,1,,,,
487698,13553,1,,,,
487811,13520,1,,,,
487924,13501,1,,,,
488038,13485,1,,,,
488151,13482,1,,,,
488264,13473,1,,,,
488377,13468,1,,,,
488490,13466,1,,,,
488603,13466,1,,,,
488716,13469,1,,,,
488829,13470,1,,,,
488942,13465,1,,,,
489055,13462,1,,,,
489168,13465,1,,,,
489281,13464,1,,,,
489394,13463,1,,,,
489507,13462,1,,,,
489620,13465,1,,,,
489734,13466,1,,,,
489846,13461,1,,,,
489959,13461,1,,,,
490072,13466,1,,,,
490185,13478,1,,,,
490298,13486,1,,,,
490411,13486,1,,,,
490523,13480,1,,,,
490637,13473,1,,,,
490750,13464,1,,,,
490862,13460,1,,,,
490975,13461,1,,,,
491088,13463,1,,,,
491201,13467,1,,,,
491314,13473,1,,,,
491427,13472,1,,,,
491540,13472,1,,,,
491653,13486,1,,,,
491766,13490,1,,,,
491878,13488,1,,,,
491991,13484,1,,,,
492104,13483,1,,,,
492217,13481,1,,,,
492330,13477,1,,,,
492443,13475,1,,,,
492556,13472,1,,,,
492669,13476,1,,,,
492782,13477,1,,,,
492895,13476,1,,,,
493008,13478,1,,,,
493121,13503,1,,,,
493234,13556,1,,,,
493348,13589,1,,,,
493461,13583,1,,,,
493574,13541,1,,,,
493687,13515,1,,,,
493800,13531,1,,,,
493913,13490,1,,,,
494026,13486,1,,,,
494139,13483,1,,,,
494252,13481,1,,,,
494365,13479,1,,,,
494478,13483,1,,,,
494592,13511,1,,,,
494705,13557,1,,,,
494818,13601,1,,,,
494931,13588,1,,,,
495044,13564,1,,,,
495157,13550,1,,,,
495270,13532,1,,,,
495383,13517,1,,,,
495496,13502,1,,,,
495609,13494,1,,,,
495722,13495,1,,,,
495835,13509,1,,,,
495949,13551,1,,,,
496062,13606,1,,,,
496175,13637,1,,,,
496288,13589,1,,,,
496401,13530,1,,,,
496514,13497,1,,,,
496627,13486,1,,,,
496740,13481,1,,,,
496853,13474,1,,,,
496966,13473,1,,,,
497080,13476,1,,,,
497193,13497,1,,,,
497306,13533,1,,,,
497419,13521,1,,,,
497532,13491,1,,,,
497645,13485,1,,,,
497758,13481,1,,,,
497871,13464,1,,,,
497984,13455,1,,,,
498097,13453,1,,,,
498211,13449,1,,,,
498324,13441,1,,,,
498437,13435,1,,,,
498550,13431,1,,,,
498663,13427,1,,,,
498776,13420,1,,,,
498889,13410,1,,,,
499002,13403,1,,,,
499115,13406,1,,,,
499228,13403,1,,,,
499341,13401,1,,,,
499455,13399,1,,,,
499568,13402,1,,,,
499681,13400,1,,,,
499794,13394,1,,,,
499907,13391,1,,,,
500020,13389,1,,,,
500133,13393,1,,,,
500246,13391,1,,,,
500359,13389,1,,,,
500472,13388,1,,,,
500586,13393,1,,,,
500699,13395,1,,,,
500812,13390,1,,,,
500925,13390,1,,,,
501038,13390,1,,,,
501151,13388,1,,,,
501264,13391,1,,,,
501377,13390,1,,,,
501490,13395,1,,,,
501603,13393,1,,,,
501717,13391,1,,,,
501830,13392,1,,,,
501943,13388,1,,,,
502056,13381,1,,,,
502169,13380,1,,,,
502282,13380,1,,,,
502395,13382,0,,,,
502508,13380,0,,,,
502621,13380,0,,,,
502735,13378,0,,,,
502848,13381,0,,,,
502961,13384,0,,,,
503074,13385,0,,,,
503187,13387,0,,,,
503299,13387,0,,,,
503411,13388,0,,,,
503523,13387,0,,,,
503635,13388,0,,,,
503747,13390,0,,,,
503860,13389,0,,,,
503972,13389,0,,,,
504084,13388,0,,,,
504196,13389,0,,,,
504309,13401,0,,,,
504422,13409,0,,,,
504535,13405,0,,,,
504648,13397,0,,,,
504762,13385,0,,,,
504875,13379,0,,,,
504988,13383,0,,,,
505101,13383,0,,,,
505214,13381,0,,,,
505326,13379,0,,,,
505438,13380,0,,,,
505550,13381,0,,,,
505663,13385,0,,,,
505775,13388,0,,,,
505887,13387,0,,,,
505999,13386,0,,,,
506111,13385,0,,,,
506223,13383,0,,,,
506336,13385,0,,,,
506449,13385,0,,,,
506562,13384,0,,,,
506675,13382,0,,,,
506787,13378,0,,,,
506899,13377,0,,,,
507012,13378,0,,,,
507124,13377,0,,,,
507236,13376,0,,,,
507348,13377,0,,,,
507460,13375,0,,,,
507572,13379,0,,,,
507684,13381,0,,,,
507796,13419,0,,,,
507909,13373,0,,,,
508022,13370,0,,,,
508134,13366,0,,,,
508246,13370,0,,,,
508358,13376,0,,,,
508470,13374,0,,,,
508582,13374,0,,,,
508695,13373,0,,,,
508807,13370,0,,,,
508919,13370,0,,,,
509031,13362,0,,,,
509143,13366,0,,,,
509255,13368,0,,,,
509367,13369,0,,,,
509480,13373,0,,,,
509592,13370,0,,,,
509704,13368,0,,,,
509817,13365,0,,,,
509929,13364,0,,,,
510041,13366,0,,,,
510153,13365,0,,,,
510265,13362,0,,,,
510377,13361,0,,,,
510489,13360,0,,,,
510601,13358,0,,,,
510714,13358,0,,,,
510827,13354,0,,,,
510940,13354,0,,,,
511053,13355,0,,,,
511166,13356,0,,,,
511279,13361,0,,,,
511392,13361,0,,,,
511505,13358,0,,,,
511618,13357,0,,,,
511731,13358,0,,,,
511844,13355,0,,,,
511958,13357,0,,,,
512071,13356,0,,,,
512184,13353,0,,,,
512297,13351,0,,,,
512410,13347,0,,,,
512523,13348,0,,,,
512636,13346,0,,,,
512750,13349,0,,,,
512864,13353,0,,,,
512978,13362,0,,,,
513091,13377,0,,,,
513205,13410,0,,,,
513319,13452,0,,,,
513432,13498,0,,,,
513545,13509,0,,,,
513658,13477,0,,,,
513771,13417,0,,,,
513884,13388,0,,,,
513998,13370,0,,,,
514111,13363,0,,,,
514224,13358,0,,,,
514337,13363,0,,,,
514450,13363,0,,,,
514563,13375,0,,,,
514677,13361,0,,,,
514791,13356,0,,,,
514904,13355,0,,,,
515019,13357,0,,,,
515132,13352,0,,,,
515245,13349,0,,,,
515359,13346,0,,,,
515472,13346,0,,,,
515586,13355,0,,,,
515700,13359,0,,,,
515814,13348,0,,,,
515928,13365,0,,,,
516045,13350,0,,,,
516159,13351,0,,,,
516272,13359,0,,,,
516385,13368,0,,,,
516498,13383,0,,,,
516611,13392,0,,,,
516724,13394,0,,,,
516837,13394,0,,,,
516950,13399,0,,,,
517063,13393,0,,,,
517176,13388,0,,,,
517289,13379,0,,,,
517402,13386,0,,,,
517515,13387,0,,,,
517628,13375,0,,,,
517741,13367,0,,,,
517854,13363,0,,,,
517966,13357,0,,,,
518079,13359,0,,,,
518193,13361,0,,,,
518306,13361,0,,,,
518419,13363,0,,,,
518532,13358,0,,,,
518645,13355,0,,,,
518757,13349,0,,,,
518870,13348,0,,,,
518984,13346,0,,,,
519097,13347,0,,,,
519212,13345,0,,,,
519326,13343,0,,,,
519439,13341,0,,,,
519553,13337,0,,,,
519667,13355,0,,,,
519781,13353,0,,,,
519895,13347,0,,,,
520008,13348,0,,,,
520121,13344,0,,,,
520234,13343,0,,,,
520347,13340,0,,,,
520460,13344,0,,,,
520573,13344,0,,,,
520686,13343,0,,,,
520799,13343,0,,,,
520912,13341,0,,,,
521025,13344,0,,,,
521138,13346,0,,,,
521251,13349,0,,,,
521364,13362,0,,,,
521477,13388,0,,,,
521590,13409,0,,,,
521703,13423,0,,,,
521816,13417,0,,,,
521929,13391,0,,,,
522042,13365,0,,,,
522155,13349,0,,,,
522268,13345,0,,,,
522381,13342,0,,,,
522494,13338,0,,,,
522607,13338,0,,,,
522720,13338,0,,,,
522833,13340,0,,,,
522947,13340,0,,,,
523059,13346,0,,,,
523172,13353,0,,,,
523285,13359,0,,,,
523398,13362,0,,,,
523511,13360,0,,,,
523624,13359,0,,,,
523737,13357,0,,,,
523850,13357,0,,,,
523963,13364,0,,,,
524075,13364,0,,,,
524188,13358,0,,,,
524301,13348,0,,,,
524415,13343,0,,,,
524528,13344,0,,,,
524642,13349,0,,,,
524756,13365,0,,,,
524869,13355,0,,,,
524983,13355,0,,,,
525097,13351,0,,,,
525210,13360,0,,,,
525324,13343,0,,,,
525438,13337,0,,,,
525552,13336,0,,,,
525666,13337,0,,,,
525780,13353,0,,,,
525894,13343,0,,,,
526007,13338,0,,,,
526121,13339,0,,,,
526235,13342,0,,,,
526349,13331,0,,,,
526463,13326,0,,,,
526577,13323,0,,,,
526690,13323,0,,,,
526804,13324,0,,,,
526917,13332,0,,,,
527031,13354,0,,,,
527145,13356,0,,,,
527259,13344,0,,,,
527372,13341,0,,,,
527486,13338,0,,,,
527600,13331,0,,,,
527714,13325,0,,,,
527829,13319,0,,,,
527942,13318,0,,,,
528056,13322,0,,,,
528170,13334,0,,,,
528284,13338,0,,,,
528398,13326,0,,,,
528511,13329,0,,,,
528625,13327,0,,,,
528739,13338,0,,,,
528853,13317,0,,,,
528967,13314,0,,,,
529081,13315,0,,,,
529194,13319,0,,,,
529308,13321,0,,,,
529422,13323,0,,,,
529535,13325,0,,,,
529649,13325,0,,,,
529763,13326,0,,,,
529876,13322,0,,,,
529990,13319,0,,,,
530103,13327,0,,,,
530217,13317,0,,,,
530331,13315,0,,,,
530445,13317,0,,,,
530559,13320,0,,,,
530672,13319,0,,,,
530786,13325,0,,,,
530900,13305,0,,,,
531013,13305,0,,,,
531127,13306,0,,,,
531241,13305,0,,,,
531354,13323,0,,,,
531468,13320,0,,,,
531582,13344,0,,,,
531695,13345,0,,,,
531809,13357,0,,,,
531924,13368,0,,,,
532037,13367,0,,,,
532151,13354,0,,,,
532264,13346,0,,,,
532378,13356,0,,,,
532491,13338,0,,,,
532605,13346,0,,,,
532719,13338,0,,,,
532833,13316,0,,,,
532947,13324,0,,,,
533060,13313,0,,,,
533174,13322,0,,,,
533288,13306,0,,,,
533402,13300,0,,,,
533516,13300,0,,,,
533630,13294,0,,,,
533744,13290,0,,,,
533858,13292,0,,,,
533972,13292,0,,,,
534085,13298,0,,,,
534199,13300,0,,,,
534312,13300,0,,,,
534426,13301,0,,,,
534540,13302,0,,,,
534653,13304,0,,,,
534767,13302,0,,,,
534881,13299,0,,,,
534995,13296,0,,,,
535108,13301,0,,,,
535222,13296,0,,,,
535336,13310,0,,,,
535449,13311,0,,,,
535563,13305,0,,,,
535677,13305,0,,,,
535791,13307,0,,,,
535905,13312,0,,,,
536019,13310,0,,,,
536132,13309,0,,,,
536247,13304,0,,,,
536361,13300,0,,,,
536474,13321,0,,,,
536588,13296,0,,,,
536701,13292,0,,,,
536814,13295,0,,,,
536928,13299,0,,,,
537042,13297,0,,,,
537155,13301,0,,,,
537268,13298,0,,,,
537381,13298,0,,,,
537493,13295,0,,,,
537607,13294,0,,,,
537719,13294,0,,,,
537832,13292,0,,,,
537946,13290,0,,,,
538060,13291,0,,,,
538173,13288,0,,,,
538287,13317,0,,,,
538401,13291,0,,,,
538514,13292,0,,,,
538628,13287,0,,,,
538742,13288,0,,,,
538856,13286,0,,,,
538969,13286,0,,,,
539083,13289,0,,,,
539197,13289,0,,,,
539310,13289,0,,,,
539424,13290,0,,,,
539538,13306,0,,,,
539652,13298,0,,,,
539766,13302,0,,,,
539880,13304,0,,,,
539994,13294,0,,,,
540108,13287,0,,,,
540222,13284,0,,,,
540336,13281,0,,,,
540449,13277,0,,,,
540564,13279,0,,,,
540677,13280,0,,,,
540791,13280,0,,,,
540905,13283,0,,,,
541019,13282,0,,,,
541133,13279,0,,,,
541247,13292,0,,,,
541360,13391,0,,,,
541474,13290,0,,,,
541588,13280,0,,,,
541702,13279,0,,,,
541816,13279,0,,,,
541930,13281,0,,,,
542043,13286,0,,,,
542157,13286,0,,,,
542270,13284,0,,,,
542384,13296,0,,,,
542498,13278,0,,,,
542612,13276,0,,,,
542726,13298,0,,,,
542840,13273,0,,,,
542954,13270,0,,,,
543068,13271,0,,,,
543182,13271,0,,,,
543296,13271,0,,,,
543410,13271,0,,,,
543524,13268,0,,,,
543638,13265,0,,,,
543752,13269,0,,,,
543866,13275,0,,,,
543980,13280,0,,,,
544094,13286,0,,,,
544207,13287,0,,,,
544321,13295,0,,,,
544434,13302,0,,,,
544547,13319,0,,,,
544661,13332,0,,,,
544775,13350,0,,,,
544889,13359,0,,,,
545002,13332,0,,,,
545116,13315,0,,,,
545230,13294,0,,,,
545344,13280,0,,,,
545458,13275,0,,,,
545571,13276,0,,,,
545685,13274,0,,,,
545798,13275,0,,,,
545912,13272,0,,,,
546026,13269,0,,,,
546140,13268,0,,,,
546256,13269,0,,,,
546369,13271,0,,,,
546483,13276,0,,,,
546597,13281,0,,,,
546711,13289,0,,,,
546824,13277,0,,,,
546939,13275,0,,,,
547053,13274,0,,,,
547168,13272,0,,,,
547282,13267,0,,,,
547396,13276,0,,,,
547510,13267,0,,,,
547623,13328,0,,,,
547737,13268,0,,,,
547851,13264,0,,,,
547964,13267,0,,,,
548078,13268,0,,,,
548193,13266,0,,,,
548307,13269,0,,,,
548420,13268,0,,,,
548534,13263,0,,,,
548648,13268,0,,,,
548761,13259,0,,,,
548875,13259,0,,,,
548988,13262,0,,,,
549101,13268,0,,,,
549214,13273,0,,,,
549327,13273,0,,,,
549441,13274,0,,,,
549554,13275,0,,,,
549668,13268,0,,,,
549781,13266,0,,,,
549894,13265,0,,,,
550007,13261,0,,,,
550120,13262,0,,,,
550233,13264,0,,,,
550346,13261,0,,,,
550459,13260,0,,,,
550572,13263,0,,,,
550685,13260,0,,,,
550798,13262,0,,,,
550911,13258,0,,,,
551024,13259,0,,,,
551136,13258,0,,,,
551249,13257,0,,,,
551362,13263,0,,,,
551476,13266,0,,,,
551589,13264,0,,,,
551702,13267,0,,,,
551815,13267,0,,,,
551928,13266,0,,,,
552041,13268,0,,,,
552154,13267,0,,,,
552267,13266,0,,,,
552380,13265,0,,,,
552493,13268,0,,,,
552606,13273,0,,,,
552719,13271,0,,,,
552832,13271,0,,,,
552945,13273,0,,,,
553058,13268,0,,,,
553171,13273,0,,,,
553284,13277,0,,,,
553396,13278,0,,,,
553508,13276,0,,,,
553621,13274,0,,,,
553733,13273,0,,,,
553845,13270,0,,,,
553957,13266,0,,,,
554069,13263,0,,,,
554181,13264,0,,,,
554293,13269,0,,,,
554405,13276,0,,,,
554518,13279,0,,,,
554630,13287,0,,,,
554743,13292,0,,,,
554857,13291,0,,,,
554970,13292,0,,,,
555083,13287,0,,,,
555196,13282,0,,,,
555309,13277,0,,,,
555422,13284,0,,,,
555535,13287,0,,,,
555648,13283,0,,,,
555760,13281,0,,,,
555872,13276,0,,,,
555984,13275,0,,,,
556097,13274,0,,,,
556209,13272,0,,,,
556321,13271,0,,,,
556433,13273,0,,,,
556545,13283,0,,,,
556657,13288,0,,,,
556769,13286,0,,,,
556882,13274,0,,,,
556994,13264,0,,,,
557106,13251,0,,,,
557219,13246,0,,,,
557332,13245,0,,,,
557445,13251,0,,,,
557558,13254,0,,,,
557671,13256,0,,,,
557785,13263,0,,,,
557898,13263,0,,,,
558011,13262,0,,,,
558124,13262,0,,,,
558236,13255,0,,,,
558348,13257,0,,,,
558460,13257,0,,,,
558572,13256,0,,,,
558684,13256,0,,,,
558797,13255,0,,,,
558909,13259,0,,,,
559021,13259,0,,,,
559133,13255,0,,,,
559246,13254,0,,,,
559359,13255,0,,,,
559471,13258,0,,,,
559583,13254,0,,,,
559695,13253,0,,,,
559807,13252,0,,,,
559919,13247,0,,,,
560031,13253,0,,,,
560143,13275,0,,,,
560255,13327,0,,,,
560368,13376,0,,,,
560480,13385,0,,,,
560593,13365,0,,,,
560707,13422,0,,,,
560820,13306,0,,,,
560934,13285,0,,,,
561048,13285,0,,,,
561162,13267,0,,,,
561275,13277,0,,,,
561389,13261,0,,,,
561505,13259,0,,,,
561618,13259,0,,,,
561731,13262,0,,,,
561844,13266,0,,,,
561957,13265,0,,,,
562070,13263,0,,,,
562183,13260,0,,,,
562295,13264,0,,,,
562408,13264,0,,,,
562521,13264,0,,,,
562634,13265,0,,,,
562747,13284,0,,,,
562860,13269,0,,,,
562974,13267,0,,,,
563087,13264,0,,,,
563200,13264,0,,,,
563314,13265,0,,,,
563427,13269,0,,,,
563540,13270,0,,,,
563652,13271,0,,,,
563766,13268,0,,,,
563879,13266,0,,,,
563992,13266,0,,,,
564106,13266,0,,,,
564219,13264,0,,,,
564332,13267,0,,,,
564445,13284,0,,,,
564558,13298,0,,,,
564671,13306,0,,,,
564784,13298,0,,,,
564897,13286,0,,,,
565010,13269,0,,,,
565124,13263,0,,,,
565236,13262,0,,,,
565349,13266,0,,,,
565462,13266,0,,,,
565575,13284,0,,,,
565689,13302,0,,,,
565801,13315,0,,,,
565915,13306,0,,,,
566028,13298,0,,,,
566142,13292,0,,,,
566255,13280,0,,,,
566369,13272,0,,,,
566483,13267,0,,,,
566596,13269,0,,,,
566709,13291,0,,,,
566822,13311,0,,,,
566935,13323,0,,,,
567048,13329,0,,,,
567161,13325,0,,,,
567273,13305,0,,,,
567386,13284,0,,,,
567499,13278,0,,,,
567612,13276,0,,,,
567725,13278,0,,,,
567838,13278,0,,,,
567951,13277,0,,,,
568065,13272,0,,,,
568178,13268,0,,,,
568291,13266,0,,,,
568403,13270,0,,,,
568516,13271,0,,,,
568629,13269,0,,,,
568742,13271,0,,,,
568855,13277,0,,,,
568968,13271,0,,,,
569082,13267,0,,,,
569196,13260,0,,,,
569309,13257,0,,,,
569422,13259,0,,,,
569535,13257,0,,,,
569648,13258,0,,,,
569761,13266,0,,,,
569874,13285,0,,,,
569987,13294,0,,,,
570100,13296,0,,,,
570214,13290,0,,,,
570327,13281,0,,,,
570440,13279,0,,,,
570553,13276,0,,,,
570666,13272,0,,,,
570779,13269,0,,,,
570892,13268,0,,,,
571005,13267,0,,,,
571118,13264,0,,,,
571233,13264,0,,,,
571346,13261,0,,,,
571459,13263,0,,,,
571572,13262,0,,,,
571685,13257,0,,,,
571798,13250,0,,,,
571911,13248,0,,,,
572024,13263,0,,,,
572137,13266,0,,,,
572250,13268,0,,,,
572363,13267,0,,,,
572476,13256,0,,,,
572589,13251,0,,,,
572703,13247,0,,,,
572816,13247,0,,,,
572930,13245,0,,,,
573044,13265,0,,,,
573157,13248,0,,,,
573271,13246,0,,,,
573384,13246,0,,,,
573498,13246,0,,,,
573611,13267,0,,,,
573725,13269,0,,,,
573839,13263,0,,,,
573953,13266,0,,,,
574065,13267,0,,,,
574178,13259,0,,,,
574291,13253,0,,,,
574404,13250,0,,,,
574517,13251,0,,,,
574630,13258,0,,,,
574743,13264,0,,,,
574856,13267,0,,,,
574969,13264,0,,,,
575082,13259,0,,,,
575195,13258,0,,,,
575309,13255,0,,,,
575423,13254,0,,,,
575537,13252,0,,,,
575650,13252,0,,,,
575764,13252,0,,,,
575878,13252,0,,,,
575991,13253,0,,,,
576105,13259,0,,,,
576219,13272,0,,,,
576333,13290,0,,,,
576447,13297,0,,,,
576561,13303,0,,,,
576675,13264,0,,,,
576788,13271,0,,,,
576902,13260,0,,,,
577016,13255,0,,,,
577129,13271,0,,,,
577242,13258,0,,,,
577356,13260,0,,,,
577470,13257,0,,,,
577584,13258,0,,,,
577698,13288,0,,,,
577812,13285,0,,,,
577926,13287,0,,,,
578039,13279,0,,,,
578152,13285,0,,,,
578266,13261,0,,,,
578380,13259,0,,,,
578494,13257,0,,,,
578608,13249,0,,,,
578721,13244,0,,,,
578834,13239,0,,,,
578947,13244,0,,,,
579060,13253,0,,,,
579173,13251,0,,,,
579286,13247,0,,,,
579399,13250,0,,,,
579512,13252,0,,,,
579627,13252,0,,,,
579741,13270,0,,,,
579854,13244,0,,,,
579968,13259,0,,,,
580082,13244,0,,,,
580196,13255,0,,,,
580310,13229,0,,,,
580424,13237,0,,,,
580538,13242,0,,,,
580654,13243,0,,,,
580768,13235,0,,,,
580882,13229,0,,,,
580996,13238,0,,,,
581109,13228,0,,,,
581223,13249,0,,,,
581337,13239,0,,,,
581450,13250,0,,,,
581564,13247,0,,,,
581678,13230,0,,,,
581792,13224,0,,,,
581906,13228,0,,,,
582019,13234,0,,,,
582134,13247,0,,,,
582247,13269,0,,,,
582361,13252,0,,,,
582475,13250,0,,,,
582589,13259,0,,,,
582703,13243,0,,,,
582817,13243,0,,,,
582930,13243,0,,,,
583044,13245,0,,,,
583158,13266,0,,,,
583271,13243,0,,,,
583385,13244,0,,,,
583499,13246,0,,,,
583613,13254,0,,,,
583727,13283,0,,,,
583841,13288,0,,,,
583954,13319,0,,,,
584068,13304,0,,,,
584182,13285,0,,,,
584295,13283,0,,,,
584409,13245,0,,,,
584523,13226,0,,,,
584638,13225,0,,,,
584752,13223,0,,,,
584865,13222,0,,,,
584979,13223,0,,,,
585094,13223,0,,,,
585207,13222,0,,,,
585322,13225,0,,,,
585435,13232,0,,,,
585549,13248,0,,,,
585662,13259,0,,,,
585777,13276,0,,,,
585890,13279,0,,,,
586004,13253,0,,,,
586118,13241,0,,,,
586232,13234,0,,,,
586346,13237,0,,,,
586459,13229,0,,,,
586573,13231,0,,,,
586687,13239,0,,,,
586804,13245,0,,,,
586918,13242,0,,,,
587032,13321,0,,,,
587145,13244,0,,,,
587259,13249,0,,,,
587373,13256,0,,,,
587486,13288,0,,,,
587600,13317,0,,,,
587714,13425,0,,,,
587828,13297,0,,,,
587942,13270,0,,,,
588055,13246,0,,,,
588169,13238,0,,,,
588283,13242,0,,,,
588396,13248,0,,,,
588510,13247,0,,,,
588625,13243,0,,,,
588739,13247,0,,,,
588852,13239,0,,,,
588966,13239,0,,,,
589080,13241,0,,,,
589193,13240,0,,,,
589307,13232,0,,,,
589421,13237,0,,,,
589534,13246,0,,,,
589648,13272,0,,,,
589762,13304,0,,,,
589875,13315,0,,,,
589989,13300,0,,,,
590103,13272,0,,,,
590217,13253,0,,,,
590331,13247,0,,,,
590445,13243,0,,,,
590558,13244,0,,,,
590672,13241,0,,,,
590785,13242,0,,,,
590901,13232,0,,,,
591015,13231,0,,,,
591128,13237,0,,,,
591242,13235,0,,,,
591356,13232,0,,,,
591469,13247,0,,,,
591583,13225,0,,,,
591697,13237,0,,,,
591811,13230,0,,,,
591925,13224,0,,,,
592039,13228,0,,,,
592152,13233,0,,,,
592265,13241,0,,,,
592379,13243,0,,,,
592493,13241,0,,,,
592606,13320,0,,,,
592720,13241,0,,,,
592834,13242,0,,,,
592947,13241,0,,,,
593061,13238,0,,,,
593174,13241,0,,,,
593288,13236,0,,,,
593402,13230,0,,,,
593515,13229,0,,,,
593629,13225,0,,,,
593743,13230,0,,,,
593856,13250,0,,,,
593970,13289,0,,,,
594083,13362,0,,,,
594197,13306,0,,,,
594311,13281,0,,,,
594425,13272,0,,,,
594539,13246,0,,,,
594653,13246,0,,,,
594766,13249,0,,,,
594880,13236,0,,,,
594997,13234,0,,,,
595111,13236,0,,,,
595225,13237,0,,,,
595339,13250,0,,,,
595452,13237,1,,,,
595566,13238,1,,,,
595680,13241,1,,,,
595794,13243,1,,,,
595908,13246,1,,,,
596021,13235,1,,,,
596135,13238,1,,,,
596249,13243,1,,,,
596363,13257,1,,,,
596477,13248,1,,,,
596591,13244,1,,,,
596705,13253,1,,,,
596818,13232,1,,,,
596933,13235,1,,,,
597046,13241,1,,,,
597160,13237,1,,,,
597274,13235,1,,,,
597388,13232,1,,,,
597502,13244,1,,,,
597617,13214,1,,,,
597731,13215,1,,,,
597845,13217,1,,,,
597961,13219,1,,,,
598073,13217,1,,,,
598186,13213,1,,,,
598299,13213,1,,,,
598412,13219,1,,,,
598525,13224,1,,,,
598638,13229,1,,,,
598751,13234,1,,,,
598864,13237,1,,,,
598977,13226,1,,,,
599090,13212,1,,,,
599204,13204,1,,,,
599318,13203,1,,,,
599432,13208,1,,,,
599546,13218,1,,,,
599660,13223,1,,,,
599774,13233,1,,,,
599888,13254,1,,,,
600002,13236,1,,,,
600116,13228,1,,,,
600230,13218,1,,,,
600344,13270,1,,,,
600457,13219,1,,,,
600571,13203,1,,,,
600685,13207,1,,,,
600798,13217,1,,,,
600912,13208,1,,,,
601026,13225,1,,,,
601140,13216,1,,,,
601254,13222,1,,,,
601368,13287,1,,,,
601482,13217,1,,,,
601596,13216,1,,,,
601710,13213,1,,,,
601824,13217,1,,,,
601937,13216,1,,,,
602052,13215,1,,,,
602165,13217,1,,,,
602279,13226,1,,,,
602393,13251,1,,,,
602507,13286,1,,,,
602621,13285,1,,,,
602734,13351,1,,,,
602848,13246,1,,,,
602961,13236,1,,,,
603075,13221,1,,,,
603189,13213,1,,,,
603302,13217,1,,,,
603416,13208,1,,,,
603529,13213,1,,,,
603643,13230,1,,,,
603757,13263,1,,,,
603870,13261,1,,,,
603983,13254,1,,,,
604096,13244,1,,,,
604210,13235,1,,,,
604323,13232,1,,,,
604437,13232,1,,,,
604551,13232,1,,,,
604665,13241,1,,,,
604779,13228,1,,,,
604893,13218,1,,,,
605005,13220,1,,,,
605118,13222,1,,,,
605232,13239,1,,,,
605346,13243,1,,,,
605459,13212,1,,,,
605574,13201,1,,,,
605687,13198,1,,,,
605801,13216,1,,,,
605915,13263,1,,,,
606030,13302,1,,,,
606143,13298,1,,,,
606257,13286,1,,,,
606371,13264,1,,,,
606485,13248,1,,,,
606600,13221,1,,,,
606714,13209,1,,,,
606828,13223,1,,,,
606942,13213,1,,,,
607056,13235,1,,,,
607170,13212,1,,,,
607284,13208,1,,,,
607398,13214,1,,,,
607511,13230,1,,,,
607625,13243,1,,,,
607739,13238,1,,,,
607853,13222,1,,,,
607967,13207,1,,,,
608081,13222,1,,,,
608195,13203,1,,,,
608309,13210,1,,,,
608423,13210,1,,,,
608537,13213,1,,,,
608651,13228,1,,,,
608765,13212,1,,,,
608878,13210,1,,,,
608992,13210,1,,,,
609105,13213,1,,,,
609218,13214,1,,,,
609331,13217,1,,,,
609444,13225,1,,,,
609558,13237,1,,,,
609671,13257,1,,,,
609784,13266,1,,,,
609898,13259,1,,,,
610011,13238,1,,,,
610124,13218,1,,,,
610237,13215,1,,,,
610351,13213,1,,,,
610463,13205,1,,,,
610577,13210,1,,,,
610690,13210,1,,,,
610803,13216,1,,,,
610916,13216,1,,,,
611029,13219,1,,,,
611142,13224,1,,,,
611255,13220,1,,,,
611368,13219,1,,,,
611481,13212,1,,,,
611595,13211,1,,,,
611707,13209,1,,,,
611821,13204,1,,,,
611934,13219,1,,,,
612046,13266,1,,,,
612159,13308,1,,,,
612272,13327,1,,,,
612385,13312,1,,,,
612498,13324,1,,,,
612612,13295,1,,,,
612725,13255,1,,,,
612838,13234,1,,,,
612951,13225,1,,,,
613064,13221,1,,,,
613177,13211,1,,,,
613290,13207,1,,,,
613403,13283,1,,,,
613516,13208,1,,,,
613629,13210,1,,,,
613742,13208,1,,,,
613855,13209,1,,,,
613969,13206,1,,,,
614082,13201,1,,,,
614195,13207,1,,,,
614308,13255,1,,,,
614421,13294,1,,,,
614534,13300,1,,,,
614647,13280,1,,,,
614760,13257,1,,,,
614873,13236,1,,,,
614986,13216,1,,,,
615100,13207,1,,,,
615213,13204,1,,,,
615326,13207,1,,,,
615439,13207,1,,,,
615552,13205,1,,,,
615665,13202,1,,,,
615778,13201,1,,,,
615891,13202,1,,,,
616004,13202,1,,,,
616117,13199,1,,,,
616230,13199,1,,,,
616343,13198,1,,,,
616456,13200,1,,,,
616570,13199,1,,,,
616683,13197,1,,,,
616796,13198,1,,,,
616909,13197,1,,,,
617022,13200,1,,,,
617135,13199,1,,,,
617248,13203,1,,,,
617362,13240,1,,,,
617475,13311,1,,,,
617588,13336,1,,,,
617701,13317,1,,,,
617814,13309,1,,,,
617927,13313,1,,,,
618040,13285,1,,,,
618153,13248,1,,,,
618266,13234,1,,,,
618379,13225,1,,,,
618492,13220,1,,,,
618606,13218,1,,,,
618719,13217,1,,,,
618832,13231,1,,,,
618945,13278,1,,,,
619058,13279,1,,,,
619171,13261,1,,,,
619284,13248,1,,,,
619397,13239,1,,,,
619510,13224,1,,,,
619624,13213,1,,,,
619737,13213,1,,,,
619850,13215,1,,,,
619963,13213,1,,,,
620076,13213,1,,,,
620189,13216,1,,,,
620302,13227,1,,,,
620416,13226,1,,,,
620529,13223,1,,,,
620642,13218,1,,,,
620755,13210,1,,,,
620868,13215,1,,,,
620981,13210,1,,,,
621094,13208,1,,,,
621207,13216,1,,,,
621320,13228,1,,,,
621433,13255,1,,,,
621546,13266,1,,,,
621660,13283,1,,,,
621773,13290,1,,,,
621886,13337,1,,,,
621999,13354,1,,,,
622112,13372,1,,,,
622225,13316,1,,,,
622338,13273,1,,,,
622451,13332,1,,,,
622564,13249,1,,,,
622677,13238,1,,,,
622790,13237,1,,,,
622903,13230,1,,,,
623017,13230,1,,,,
623130,13254,1,,,,
623243,13220,1,,,,
623356,13229,1,,,,
623469,13256,1,,,,
623582,13286,1,,,,
623695,13299,1,,,,
623808,13306,1,,,,
623921,13313,1,,,,
624035,13327,1,,,,
624148,13299,1,,,,
624261,13261,1,,,,
624374,13246,1,,,,
624487,13235,1,,,,
624600,13233,1,,,,
624713,13220,1,,,,
624826,13209,1,,,,
624939,13204,1,,,,
625052,13204,1,,,,
625166,13200,1,,,,
625279,13195,1,,,,
625392,13192,1,,,,
625505,13186,1,,,,
625618,13189,1,,,,
625731,13184,1,,,,
625844,13183,1,,,,
625957,13179,1,,,,
626070,13178,1,,,,
626183,13177,1,,,,
626296,13178,1,,,,
626410,13178,1,,,,
626523,13179,1,,,,
626636,13183,1,,,,
626749,13184,1,,,,
626862,13181,1,,,,
626975,13179,1,,,,
627088,13181,1,,,,
627201,13188,1,,,,
627314,13192,1,,,,
627427,13192,1,,,,
627540,13193,1,,,,
627654,13197,1,,,,
627767,13207,1,,,,
627880,13211,1,,,,
627993,13214,1,,,,
628106,13216,1,,,,
628219,13210,1,,,,
628332,13211,1,,,,
628445,13210,1,,,,
628558,13200,1,,,,
628671,13185,1,,,,
628784,13182,1,,,,
628898,13185,1,,,,
629011,13183,1,,,,
629124,13181,1,,,,
629237,13180,1,,,,
629350,13185,1,,,,
629463,13184,1,,,,
629576,13186,1,,,,
629689,13187,1,,,,
629802,13188,1,,,,
629915,13199,1,,,,
630028,13198,1,,,,
630142,13196,1,,,,
630255,13193,1,,,,
630368,13191,1,,,,
630481,13191,1,,,,
630594,13189,1,,,,
630707,13188,1,,,,
630820,13191,1,,,,
630933,13195,1,,,,
631046,13202,1,,,,
631159,13208,1,,,,
631272,13219,1,,,,
631386,13228,1,,,,
631499,13233,1,,,,
631612,13220,1,,,,
631725,13196,1,,,,
631838,13199,1,,,,
631951,13180,1,,,,
632064,13183,1,,,,
632177,13180,1,,,,
632290,13178,1,,,,
632403,13179,1,,,,
632516,13184,1,,,,
632629,13190,1,,,,
632743,13192,1,,,,
632856,13197,1,,,,
632969,13189,1,,,,
633082,13189,1,,,,
633195,13186,1,,,,
633308,13181,1,,,,
633421,13177,1,,,,
633534,13172,1,,,,
633647,13174,1,,,,
633760,13168,1,,,,
633874,13159,1,,,,
633987,13152,1,,,,
634100,13147,1,,,,
634213,13146,1,,,,
634326,13138,1,,,,
634439,13128,1,,,,
634552,13118,1,,,,
634665,13116,1,,,,
634778,13115,1,,,,
634891,13112,1,,,,
635004,13107,1,,,,
635118,13107,1,,,,
635231,13112,1,,,,
635344,13116,1,,,,
635457,13125,1,,,,
635570,13132,1,,,,
635682,13133,1,,,,
635795,13139,1,,,,
635909,13139,1,,,,
636022,13137,1,,,,
636135,13136,1,,,,
636248,13135,1,,,,
636361,13143,1,,,,
636474,13149,1,,,,
636587,13153,1,,,,
636701,13149,1,,,,
636814,13144,1,,,,
636927,13147,1,,,,
637040,13141,1,,,,
637153,13137,1,,,,
637266,13135,1,,,,
637379,13136,1,,,,
637492,13139,1,,,,
637605,13141,1,,,,
637718,13141,1,,,,
637831,13137,1,,,,
637945,13135,1,,,,
638058,13135,1,,,,
638171,13136,1,,,,
638284,13135,1,,,,
638397,13133,1,,,,
638510,13134,1,,,,
638623,13132,1,,,,
638736,13133,1,,,,
638849,13134,1,,,,
638962,13132,0,,,,
639075,13130,0,,,,
639189,13129,0,,,,
639302,13129,0,,,,
639415,13131,0,,,,
639528,13128,0,,,,
639641,13121,0,,,,
639754,13114,0,,,,
639867,13115,0,,,,
639980,13119,0,,,,
640093,13120,0,,,,
640206,13117,0,,,,
640319,13113,0,,,,
640432,13110,0,,,,
640546,13109,0,,,,
640659,13112,0,,,,
640772,13111,0,,,,
640885,13108,0,,,,
640998,13110,0,,,,
641111,13107,0,,,,
641224,13108,0,,,,
641337,13110,0,,,,
641451,13108,0,,,,
641564,13106,0,,,,
641677,13104,0,,,,
641790,13103,0,,,,
641903,13103,0,,,,
642016,13106,0,,,,
642129,13102,0,,,,
642242,13102,0,,,,
642355,13101,0,,,,
642468,13099,0,,,,
642581,13102,0,,,,
642695,13104,0,,,,
642808,13101,0,,,,
642921,13100,0,,,,
643034,13100,0,,,,
643147,13099,0,,,,
643260,13101,0,,,,
643373,13099,0,,,,
643486,13098,0,,,,
643599,13098,0,,,,
643712,13095,0,,,,
643825,13097,0,,,,
643938,13096,0,,,,
644052,13096,0,,,,
644165,13096,0,,,,
644278,13096,0,,,,
644391,13096,0,,,,
644504,13100,0,,,,
644617,13097,0,,,,
644730,13094,0,,,,
644843,13090,0,,,,
644956,13087,0,,,,
645069,13090,0,,,,
645182,13090,0,,,,
645296,13091,0,,,,
645409,13089,0,,,,
645522,13088,0,,,,
645635,13088,0,,,,
645748,13088,0,,,,
645861,13088,0,,,,
645975,13086,0,,,,
646088,13085,0,,,,
646201,13085,0,,,,
646314,13089,0,,,,
646427,13088,0,,,,
646540,13087,0,,,,
646653,13087,0,,,,
646766,13089,0,,,,
646879,13098,0,,,,
646992,13102,0,,,,
647105,13103,0,,,,
647218,13100,0,,,,
647332,13096,0,,,,
647445,13097,0,,,,
647558,13098,0,,,,
647671,13093,0,,,,
647784,13088,0,,,,
647897,13084,0,,,,
648010,13084,0,,,,
648123,13088,0,,,,
648236,13089,0,,,,
648349,13088,0,,,,
648462,13085,0,,,,
648575,13085,0,,,,
648688,13088,0,,,,
648801,13089,0,,,,
648915,13088,0,,,,
649028,13088,0,,,,
649141,13086,0,,,,
649254,13090,0,,,,
649367,13085,0,,,,
649480,13080,0,,,,
649593,13082,0,,,,
649706,13084,0,,,,
649819,13087,0,,,,
649932,13086,0,,,,
650045,13084,0,,,,
650158,13083,0,,,,
650272,13082,0,,,,
650385,13087,0,,,,
650498,13088,0,,,,
650611,13086,0,,,,
650724,13090,0,,,,
650837,13095,0,,,,
650951,13101,0,,,,
651064,13107,0,,,,
651177,13107,0,,,,
651290,13102,0,,,,
651403,13097,0,,,,
651516,13093,0,,,,
651629,13093,0,,,,
651742,13096,0,,,,
651855,13096,0,,,,
651968,13095,0,,,,
652081,13096,0,,,,
652195,13098,0,,,,
652308,13099,0,,,,
652421,13095,0,,,,
652534,13093,0,,,,
652647,13092,0,,,,
652761,13092,0,,,,
652874,13095,0,,,,
652987,13093,0,,,,
653100,13092,0,,,,
653213,13091,0,,,,
653326,13093,0,,,,
653439,13097,0,,,,
653552,13109,0,,,,
653665,13135,0,,,,
653778,13167,0,,,,
653891,13197,0,,,,
654004,13195,0,,,,
654117,13172,0,,,,
654230,13143,0,,,,
654344,13119,0,,,,
654457,13102,0,,,,
654570,13100,0,,,,
654683,13098,0,,,,
654796,13100,0,,,,
654909,13103,0,,,,
655022,13107,0,,,,
655135,13114,0,,,,
655248,13114,0,,,,
655361,13113,0,,,,
655474,13117,0,,,,
655588,13119,0,,,,
655701,13126,0,,,,
655814,13125,0,,,,
655927,13126,0,,,,
656040,13125,0,,,,
656153,13122,0,,,,
656266,13117,0,,,,
656379,13109,0,,,,
656492,13106,0,,,,
656605,13104,0,,,,
656718,13105,0,,,,
656831,13111,0,,,,
656945,13111,0,,,,
657058,13113,0,,,,
657171,13117,0,,,,
657284,13129,1,,,,
657397,13164,1,,,,
657510,13186,1,,,,
657623,13185,1,,,,
657736,13172,1,,,,
657849,13164,1,,,,
657962,13146,1,,,,
658075,13122,1,,,,
658188,13107,1,,,,
658301,13100,1,,,,
658415,13103,1,,,,
658528,13113,1,,,,
658641,13122,1,,,,
658754,13123,1,,,,
658867,13125,1,,,,
658980,13119,1,,,,
659093,13113,1,,,,
659206,13102,1,,,,
659319,13094,1,,,,
659432,13094,1,,,,
659545,13099,1,,,,
659658,13101,1,,,,
659771,13099,1,,,,
659884,13106,1,,,,
659998,13127,1,,,,
660111,13133,1,,,,
660224,13135,1,,,,
660337,13132,1,,,,
660450,13124,1,,,,
660563,13132,1,,,,
660676,13127,1,,,,
660789,13114,1,,,,
660902,13105,1,,,,
661015,13102,1,,,,
661128,13106,1,,,,
661242,13110,1,,,,
661355,13137,1,,,,
661468,13196,1,,,,
661581,13159,1,,,,
661694,13148,1,,,,
661807,13125,1,,,,
661920,13105,1,,,,
662033,13095,1,,,,
662146,13089,1,,,,
662259,13089,1,,,,
662372,13086,1,,,,
662486,13082,1,,,,
662599,13081,1,,,,
662712,13079,1,,,,
662825,13080,1,,,,
662938,13078,1,,,,
663051,13079,1,,,,
663164,13077,1,,,,
663277,13076,1,,,,
663390,13078,1,,,,
663503,13078,1,,,,
663616,13073,1,,,,
663729,13066,1,,,,
663842,13059,1,,,,
663955,13059,1,,,,
664068,13057,1,,,,
664182,13056,1,,,,
664295,13054,1,,,,
664408,13053,1,,,,
664521,13053,0,,,,
664634,13053,0,,,,
664747,13053,0,,,,
664860,13051,0,,,,
664974,13052,0,,,,
665087,13050,0,,,,
665200,13052,0,,,,
665313,13051,0,,,,
665426,13051,0,,,,
665539,13050,0,,,,
665652,13047,0,,,,
665765,13047,0,,,,
665878,13047,0,,,,
665991,13048,0,,,,
666104,13046,0,,,,
666217,13043,0,,,,
666331,13047,0,,,,
666444,13048,0,,,,
666557,13049,0,,,,
666670,13047,0,,,,
666783,13045,0,,,,
666896,13044,0,,,,
667009,13045,0,,,,
667122,13040,0,,,,
667236,13038,0,,,,
667349,13039,0,,,,
667462,13041,0,,,,
667575,13043,0,,,,
667688,13044,0,,,,
667801,13043,0,,,,
667914,13038,0,,,,
668027,13039,0,,,,
668140,13038,0,,,,
668253,13038,0,,,,
668366,13036,0,,,,
668480,13032,0,,,,
668593,13029,0,,,,
668706,13024,0,,,,
668819,13028,0,,,,
668932,13027,0,,,,
669046,13025,0,,,,
669159,13021,0,,,,
669272,13022,0,,,,
669385,13019,0,,,,
669498,13022,0,,,,
669612,13021,0,,,,
669725,13020,0,,,,
669837,13021,0,,,,
669950,13019,0,,,,
670063,13019,0,,,,
670176,13021,0,,,,
670289,13043,0,,,,
670402,13019,0,,,,
670514,13018,0,,,,
670627,13018,0,,,,
670740,13020,0,,,,
670853,13019,0,,,,
670966,13018,0,,,,
671079,13015,0,,,,
671191,13013,0,,,,
671305,13014,0,,,,
671418,13016,0,,,,
671530,13013,0,,,,
671643,13011,0,,,,
671757,13009,0,,,,
671869,13009,0,,,,
671982,13010,0,,,,
672096,13010,0,,,,
672208,13008,0,,,,
672322,13009,0,,,,
672435,13007,0,,,,
672548,13006,0,,,,
672661,13008,0,,,,
672774,13005,0,,,,
672887,13005,0,,,,
673000,13006,0,,,,
673113,13005,0,,,,
673226,13008,0,,,,
673339,13006,0,,,,
673452,13005,0,,,,
673565,13004,0,,,,
673678,13004,0,,,,
673792,13002,0,,,,
673905,13003,0,,,,
674018,13002,0,,,,
674131,13001,0,,,,
674244,12999,0,,,,
674357,12999,0,,,,
674470,12999,0,,,,
674584,13001,0,,,,
674697,12999,0,,,,
674810,12998,0,,,,
674923,12999,0,,,,
675036,12997,0,,,,
675149,13029,0,,,,
675262,13116,0,,,,
675375,13166,0,,,,
675488,13165,0,,,,
675601,13139,0,,,,
675714,13110,0,,,,
675827,13099,0,,,,
675941,13096,0,,,,
676054,13081,0,,,,
676167,13074,0,,,,
676280,13077,0,,,,
676393,13079,0,,,,
676506,13074,0,,,,
676619,13067,0,,,,
676733,13056,0,,,,
676846,13047,0,,,,
676959,13046,0,,,,
677072,13049,0,,,,
677185,13050,0,,,,
677298,13046,0,,,,
677411,13046,0,,,,
677524,13046,0,,,,
677637,13048,0,,,,
677750,13047,0,,,,
677863,13049,0,,,,
677976,13050,0,,,,
678090,13055,0,,,,
678203,13065,0,,,,
678316,13070,0,,,,
678429,13077,0,,,,
678542,13079,0,,,,
678655,13075,0,,,,
678768,13074,0,,,,
678881,13065,0,,,,
678994,13056,0,,,,
679107,13051,0,,,,
679221,13046,0,,,,
679334,13045,0,,,,
679447,13041,0,,,,
679560,13041,0,,,,
679673,13038,0,,,,
679786,13035,0,,,,
679899,13040,0,,,,
680012,13044,0,,,,
680125,13043,0,,,,
680238,13042,0,,,,
680351,13036,0,,,,
680464,13037,0,,,,
680577,13040,0,,,,
680691,13042,0,,,,
680804,13041,0,,,,
680917,13039,0,,,,
681030,13047,0,,,,
681143,13058,0,,,,
681257,13067,0,,,,
681370,13098,0,,,,
681483,13111,0,,,,
681596,13113,0,,,,
681709,13098,0,,,,
681822,13095,0,,,,
681936,13078,0,,,,
682049,13061,0,,,,
682162,13046,0,,,,
682275,13039,0,,,,
682388,13037,0,,,,
682501,13036,0,,,,
682614,13041,0,,,,
682727,13048,0,,,,
682840,13054,0,,,,
682953,13060,0,,,,
683066,13067,0,,,,
683179,13066,0,,,,
683293,13065,0,,,,
683406,13066,0,,,,
683519,13068,0,,,,
683632,13074,0,,,,
683745,13075,0,,,,
683858,13073,0,,,,
683971,13066,0,,,,
684085,13066,1,,,,
684198,13074,1,,,,
684311,13079,1,,,,
684424,13084,1,,,,
684537,13089,1,,,,
684651,13088,1,,,,
684764,13106,1,,,,
684877,13117,1,,,,
684990,13126,1,,,,
685103,13127,1,,,,
685216,13114,1,,,,
685329,13098,1,,,,
685442,13090,1,,,,
685555,13077,1,,,,
685668,13072,1,,,,
685781,13082,1,,,,
685894,13091,1,,,,
686008,13087,1,,,,
686121,13083,1,,,,
686234,13081,1,,,,
686347,13071,1,,,,
686460,13063,1,,,,
686573,13058,1,,,,
686686,13055,1,,,,
686799,13054,1,,,,
686912,13060,1,,,,
687025,13062,1,,,,
687139,13064,1,,,,
687252,13061,1,,,,
687365,13068,1,,,,
687478,13081,1,,,,
687591,13088,1,,,,
687704,13092,1,,,,
687817,13084,1,,,,
687931,13073,1,,,,
688044,13066,1,,,,
688157,13062,1,,,,
688270,13058,1,,,,
688383,13057,1,,,,
688496,13058,1,,,,
688609,13061,1,,,,
688722,13060,1,,,,
688835,13060,1,,,,
688948,13061,1,,,,
689062,13067,1,,,,
689175,13070,1,,,,
689288,13072,1,,,,
689401,13084,1,,,,
689514,13101,1,,,,
689627,13115,1,,,,
689740,13113,1,,,,
689853,13108,1,,,,
689966,13097,1,,,,
690079,13081,1,,,,
690192,13069,1,,,,
690306,13060,1,,,,
690419,13054,1,,,,
690532,13051,1,,,,
690645,13053,1,,,,
690758,13054,1,,,,
690871,13052,1,,,,
690984,13050,1,,,,
691097,13056,1,,,,
691210,13069,1,,,,
691323,13075,1,,,,
691436,13070,1,,,,
691550,13061,1,,,,
691663,13056,1,,,,
691776,13053,1,,,,
691889,13051,1,,,,
692002,13046,1,,,,
692115,13044,1,,,,
692228,13039,1,,,,
692341,13051,1,,,,
692454,13060,1,,,,
692568,13058,1,,,,
692681,13058,1,,,,
692794,13055,1,,,,
692907,13056,1,,,,
693020,13054,1,,,,
693133,13051,1,,,,
693246,13052,1,,,,
693359,13050,1,,,,
693472,13054,1,,,,
693585,13053,1,,,,
693698,13052,1,,,,
693812,13049,1,,,,
693925,13047,1,,,,
694038,13052,1,,,,
694151,13051,1,,,,
694264,13046,1,,,,
694377,13046,1,,,,
694490,13052,1,,,,
694603,13054,1,,,,
694716,13052,1,,,,
694829,13060,1,,,,
694942,13078,1,,,,
695056,13096,1,,,,
695169,13105,1,,,,
695282,13094,1,,,,
695395,13076,1,,,,
695508,13069,1,,,,
695621,13062,1,,,,
695735,13052,1,,,,
695848,13039,1,,,,
695961,13032,1,,,,
696074,13027,1,,,,
696187,13025,1,,,,
696300,13027,1,,,,
696413,13025,1,,,,
696526,13023,1,,,,
696639,13022,1,,,,
696752,13025,1,,,,
696866,13030,1,,,,
696979,13028,1,,,,
697092,13028,1,,,,
697205,13030,1,,,,
697318,13032,1,,,,
697431,13036,1,,,,
697544,13044,1,,,,
697657,13053,1,,,,
697770,13050,1,,,,
697883,13048,1,,,,
697996,13042,1,,,,
698109,13029,1,,,,
698223,13021,1,,,,
698336,13018,1,,,,
698449,13022,1,,,,
698562,13021,1,,,,
698675,13023,1,,,,
698788,13023,1,,,,
698901,13026,1,,,,
699014,13029,1,,,,
699127,13037,1,,,,
699240,13041,1,,,,
699353,13047,1,,,,
699466,13045,1,,,,
699579,13044,1,,,,
699692,13039,1,,,,
699805,13034,1,,,,
699919,13029,1,,,,
700032,13017,0,,,,
700145,13009,0,,,,
700258,12996,0,,,,
700371,12984,0,,,,
700484,12972,0,,,,
700597,12965,0,,,,
700710,12962,0,,,,
700823,12960,0,,,,
700937,12958,0,,,,
701050,12957,0,,,,
701163,12954,0,,,,
701276,12953,0,,,,
701389,12950,0,,,,
701502,12947,0,,,,
701615,12947,0,,,,
701728,12947,0,,,,
701841,12949,0,,,,
701954,12950,0,,,,
702068,12950,0,,,,
702181,12947,0,,,,
702294,12946,0,,,,
702407,12946,0,,,,
702520,12948,0,,,,
702633,12945,0,,,,
702746,12944,0,,,,
702859,12943,0,,,,
702972,12941,0,,,,
703086,12945,0,,,,
703199,12943,0,,,,
703312,12941,0,,,,
703425,12939,0,,,,
703538,12939,0,,,,
703651,12939,0,,,,
703764,12940,0,,,,
703877,12938,0,,,,
703990,12936,0,,,,
704103,12935,0,,,,
704216,12935,0,,,,
704329,12935,0,,,,
704442,12936,0,,,,
704556,12934,0,,,,
704669,12933,0,,,,
704782,12934,0,,,,
704895,12933,0,,,,
705008,12934,0,,,,
705121,12933,0,,,,
705234,12931,0,,,,
705347,12930,0,,,,
705460,12929,0,,,,
705574,12927,0,,,,
705687,12927,0,,,,
705800,12994,0,,,,
705913,12925,0,,,,
706026,12922,0,,,,
706139,12922,0,,,,
706252,12921,0,,,,
706365,12924,0,,,,
706478,12924,0,,,,
706591,12928,0,,,,
706705,12930,0,,,,
706818,12954,0,,,,
706931,12984,0,,,,
707044,13010,0,,,,
707157,13020,0,,,,
707270,13020,1,,,,
707383,13035,1,,,,
707496,13040,1,,,,
707609,13056,1,,,,
707722,13059,1,,,,
707835,13055,1,,,,
707948,13037,1,,,,
708062,13022,1,,,,
708175,13014,1,,,,
708288,13008,1,,,,
708401,12996,1,,,,
708514,12987,0,,,,
708627,12986,0,,,,
708740,12988,0,,,,
708853,12992,0,,,,
708966,12993,0,,,,
709079,12994,0,,,,
709192,12994,0,,,,
709305,12996,0,,,,
709419,12995,0,,,,
709532,12993,0,,,,
709645,12988,0,,,,
709758,12985,0,,,,
709871,12985,0,,,,
709984,12989,0,,,,
710097,12990,0,,,,
710210,12991,0,,,,
710323,12991,0,,,,
710436,12993,0,,,,
710550,13003,0,,,,
710663,13007,0,,,,
710776,13007,0,,,,
710889,13006,0,,,,
711002,13007,0,,,,
711115,13015,0,,,,
711228,13018,0,,,,
711341,13090,0,,,,
711454,13032,0,,,,
711567,13065,1,,,,
711680,13099,1,,,,
711794,13094,1,,,,
711907,13086,1,,,,
712020,13097,1,,,,
712133,13094,1,,,,
712246,13063,1,,,,
712359,13038,1,,,,
712472,13029,1,,,,
712585,13024,1,,,,
712698,13026,1,,,,
712811,13028,1,,,,
712924,13025,1,,,,
713037,13023,1,,,,
713150,13021,1,,,,
713264,13020,1,,,,
713377,13020,1,,,,
713490,13030,1,,,,
713603,13031,1,,,,
713716,13033,1,,,,
713829,13028,1,,,,
713942,13031,1,,,,
714055,13035,1,,,,
714168,13040,1,,,,
714281,13038,1,,,,
714394,13038,1,,,,
714508,13036,1,,,,
714621,13026,1,,,,
714734,13009,1,,,,
714847,13004,1,,,,
714960,13001,1,,,,
715073,13010,1,,,,
715186,13013,1,,,,
715299,13011,1,,,,
715412,13011,1,,,,
715525,13016,1,,,,
715638,13029,1,,,,
715752,13043,1,,,,
715865,13037,1,,,,
715978,13030,1,,,,
716091,13031,1,,,,
716204,13044,1,,,,
716317,13048,1,,,,
716430,13050,1,,,,
716543,13053,1,,,,
716656,13056,1,,,,
716770,13067,1,,,,
716883,13054,1,,,,
716996,13036,1,,,,
717109,13030,1,,,,
717222,13024,1,,,,
717335,13022,1,,,,
717448,13019,1,,,,
717561,13016,1,,,,
717674,13012,1,,,,
717788,13007,1,,,,
717901,13008,1,,,,
718014,13011,1,,,,
718127,13019,1,,,,
718240,13035,1,,,,
718354,13055,1,,,,
718467,13047,1,,,,
718580,13033,1,,,,
718693,13018,1,,,,
718806,12994,0,,,,
718919,12975,0,,,,
719032,12960,0,,,,
719145,12943,0,,,,
719258,12932,0,,,,
719371,12924,0,,,,
719485,12921,0,,,,
719598,12923,0,,,,
719711,12923,0,,,,
719824,12924,0,,,,
719937,12923,0,,,,
720050,12923,0,,,,
720163,12925,0,,,,
720276,12923,0,,,,
720389,12921,0,,,,
720502,12920,0,,,,
720615,12919,0,,,,
720728,12920,0,,,,
720842,12915,0,,,,
720955,12918,0,,,,
721068,12918,0,,,,
721181,12921,0,,,,
721294,12921,0,,,,
721407,12922,0,,,,
721520,12918,0,,,,
721633,12916,0,,,,
721746,12915,0,,,,
721859,12912,0,,,,
721973,12915,0,,,,
722086,12918,0,,,,
722199,12918,0,,,,
722312,12916,0,,,,
722425,12915,0,,,,
722538,12914,0,,,,
722651,12914,0,,,,
722764,12914,0,,,,
722877,12910,0,,,,
722990,12910,0,,,,
723103,12907,0,,,,
723217,12908,0,,,,
723330,12911,0,,,,
723443,12911,0,,,,
723556,12908,0,,,,
723669,12909,0,,,,
723782,12907,0,,,,
723895,12908,0,,,,
724008,12908,0,,,,
724121,12907,0,,,,
724234,12904,0,,,,
724347,12905,0,,,,
724460,12902,0,,,,
724574,12903,0,,,,
724687,12905,0,,,,
724800,12903,0,,,,
724913,12901,0,,,,
725026,12901,0,,,,
725139,12900,0,,,,
725252,12902,0,,,,
725365,12902,0,,,,
725478,12902,0,,,,
725591,12901,0,,,,
725705,12900,0,,,,
725818,12901,0,,,,
725931,12901,0,,,,
726044,12903,0,,,,
726157,12901,0,,,,
726270,12902,0,,,,
726383,12900,0,,,,
726496,12902,0,,,,
726609,12933,0,,,,
726722,12971,0,,,,
726836,13034,0,,,,
726949,13083,1,,,,
727062,13088,1,,,,
727175,13071,1,,,,
727288,13055,1,,,,
727401,13030,1,,,,
727514,13011,1,,,,
727627,12996,1,,,,
727740,12986,1,,,,
727854,12983,1,,,,
727967,12983,1,,,,
728080,12985,1,,,,
728193,12985,1,,,,
728306,12980,1,,,,
728419,12979,1,,,,
728532,12982,1,,,,
728646,12981,1,,,,
728759,12981,1,,,,
728872,12983,1,,,,
728985,12987,1,,,,
729098,12990,1,,,,
729211,12985,1,,,,
729324,12979,1,,,,
729437,12969,1,,,,
729550,12965,1,,,,
729663,12965,1,,,,
729776,12966,1,,,,
729889,13026,1,,,,
730002,12968,1,,,,
730116,12970,1,,,,
730229,12977,1,,,,
730341,12978,1,,,,
730454,12977,1,,,,
730567,12976,1,,,,
730680,12975,1,,,,
730793,12981,1,,,,
730906,12987,1,,,,
731019,12986,1,,,,
731132,12983,1,,,,
731245,12980,1,,,,
731357,12981,1,,,,
731470,12981,1,,,,
731583,12980,1,,,,
731696,12983,1,,,,
731809,12994,1,,,,
731922,13010,1,,,,
732034,13019,1,,,,
732148,13013,1,,,,
732261,12998,1,,,,
732373,12986,1,,,,
732486,12984,1,,,,
732599,12987,1,,,,
732712,12987,1,,,,
732825,12986,1,,,,
732938,12985,1,,,,
733052,12985,1,,,,
733165,12992,1,,,,
733278,12996,1,,,,
733391,12999,1,,,,
733504,13007,1,,,,
733617,13021,1,,,,
733730,13045,1,,,,
733843,13056,1,,,,
733957,13055,1,,,,
734070,13041,1,,,,
734183,13010,1,,,,
734296,13001,1,,,,
734410,12995,1,,,,
734523,12996,1,,,,
734636,12997,1,,,,
734749,12999,1,,,,
734862,13006,1,,,,
734975,13005,1,,,,
735088,13006,1,,,,
735201,13009,1,,,,
735314,12998,1,,,,
735427,12982,1,,,,
735540,12968,1,,,,
735654,12962,1,,,,
735767,12963,1,,,,
735880,12965,1,,,,
735993,12971,1,,,,
736106,12974,1,,,,
736219,12976,1,,,,
736332,12974,1,,,,
736445,12967,1,,,,
736558,12966,1,,,,
736671,12970,1,,,,
736785,12969,1,,,,
736898,12970,1,,,,
737011,12966,1,,,,
737124,12970,1,,,,
737237,12970,1,,,,
737350,12965,1,,,,
737463,12963,1,,,,
737576,12960,1,,,,
737689,12959,1,,,,
737802,12963,1,,,,
737916,12963,1,,,,
738029,12963,1,,,,
738142,12962,1,,,,
738255,12962,1,,,,
738368,12963,1,,,,
738481,12964,1,,,,
738594,12962,1,,,,
738707,12962,1,,,,
738820,12968,1,,,,
738934,12979,1,,,,
739047,12997,1,,,,
739160,13017,1,,,,
739273,13030,1,,,,
739386,13056,1,,,,
739499,13087,1,,,,
739612,13113,1,,,,
739725,13114,1,,,,
739838,13126,1,,,,
739951,13108,1,,,,
740064,13093,1,,,,
740177,13091,1,,,,
740290,13079,1,,,,
740404,13069,1,,,,
740517,13039,1,,,,
740630,13009,1,,,,
740743,12997,1,,,,
740856,12993,1,,,,
740969,12985,1,,,,
741082,12982,1,,,,
741195,12989,1,,,,
741308,13006,1,,,,
741421,13035,1,,,,
741535,13054,1,,,,
741648,13078,1,,,,
741761,13127,1,,,,
741874,13123,1,,,,
741987,13090,1,,,,
742100,13047,1,,,,
742213,13012,1,,,,
742327,12999,1,,,,
742440,13007,1,,,,
742553,13025,1,,,,
742666,13058,1,,,,
742779,13130,1,,,,
742892,13125,1,,,,
743005,13107,1,,,,
743118,13061,1,,,,
743231,13020,1,,,,
743345,12996,1,,,,
743458,12994,1,,,,
743571,13007,1,,,,
743684,13049,1,,,,
743797,13082,1,,,,
743910,13127,1,,,,
744023,13116,1,,,,
744136,13082,1,,,,
744249,13033,1,,,,
744362,12997,1,,,,
744475,12990,1,,,,
744589,12998,1,,,,
744702,12996,1,,,,
744815,12983,1,,,,
744928,12973,1,,,,
745041,12975,1,,,,
745154,12982,1,,,,
745267,12988,1,,,,
745380,12987,1,,,,
745493,12993,1,,,,
745607,13004,1,,,,
745720,13014,1,,,,
745833,13030,1,,,,
745946,13030,1,,,,
746059,13017,1,,,,
746172,12999,1,,,,
746285,12992,1,,,,
746398,12990,1,,,,
746511,12991,1,,,,
746624,13001,1,,,,
746738,13020,1,,,,
746851,13051,1,,,,
746964,13082,1,,,,
747077,13100,1,,,,
747190,13107,1,,,,
747303,13092,1,,,,
747416,13037,1,,,,
747529,12995,1,,,,
747642,12980,1,,,,
747755,12980,1,,,,
747869,12982,1,,,,
747982,12976,1,,,,
748095,12969,1,,,,
748208,12968,1,,,,
748321,12955,1,,,,
748434,12943,1,,,,
748547,12941,1,,,,
748660,12951,1,,,,
748773,12956,1,,,,
748886,12951,1,,,,
748999,12952,1,,,,
749113,12952,1,,,,
749226,12949,1,,,,
749339,12945,1,,,,
749452,12953,1,,,,
749566,12955,1,,,,
749679,12960,1,,,,
749792,12964,1,,,,
749905,12970,1,,,,
750018,12978,1,,,,
750131,12975,1,,,,
750244,12970,1,,,,
750357,12968,1,,,,
750470,12971,1,,,,
750583,13064,1,,,,
750696,13057,1,,,,
750809,12969,1,,,,
750923,12964,1,,,,
751036,13062,1,,,,
751149,12995,1,,,,
751262,12945,1,,,,
751375,13008,1,,,,
751488,13050,1,,,,
751602,12978,1,,,,
751715,12941,1,,,,
751828,12962,1,,,,
751941,13043,1,,,,
752054,13034,1,,,,
752167,12959,1,,,,
752280,12939,1,,,,
752393,12933,1,,,,
752506,13037,1,,,,
752620,13054,1,,,,
752733,13008,1,,,,
752846,12933,1,,,,
752959,12926,1,,,,
753072,12932,1,,,,
753185,13019,1,,,,
753298,13039,1,,,,
753411,13017,1,,,,
753525,12945,1,,,,
753638,12921,1,,,,
753751,12915,1,,,,
753864,12916,1,,,,
753977,13023,1,,,,
754091,13051,1,,,,
754204,13036,1,,,,
754317,12987,1,,,,
754430,12923,1,,,,
754543,12915,1,,,,
754656,12917,1,,,,
754769,12922,1,,,,
754882,13038,1,,,,
754995,13046,1,,,,
755108,13032,1,,,,
755221,13003,1,,,,
755335,12943,1,,,,
755448,12915,1,,,,
755561,12904,1,,,,
755674,12910,1,,,,
755787,12929,1,,,,
755900,13034,1,,,,
756013,13028,1,,,,
756126,13018,1,,,,
756239,12991,0,,,,
756353,12947,0,,,,
756466,12907,0,,,,
756579,12898,0,,,,
756692,12892,0,,,,
756805,12897,0,,,,
756918,12909,0,,,,
757031,12924,0,,,,
757144,13018,0,,,,
757257,13013,0,,,,
757370,12999,0,,,,
757483,12980,0,,,,
757597,12961,0,,,,
757710,12922,0,,,,
757823,12894,0,,,,
757936,12887,0,,,,
758049,12886,0,,,,
758162,12892,0,,,,
758275,12930,0,,,,
758388,12960,0,,,,
758501,12955,0,,,,
758614,12942,0,,,,
758727,12929,0,,,,
758841,12912,0,,,,
758954,12897,0,,,,
759067,12887,0,,,,
759180,12882,0,,,,
759294,12881,0,,,,
759407,12878,0,,,,
759520,12878,0,,,,
759633,12885,0,,,,
759746,12896,0,,,,
759859,12901,0,,,,
759972,12902,0,,,,
760085,12897,0,,,,
760198,12891,0,,,,
760311,12887,0,,,,
760424,12885,0,,,,
760538,12885,0,,,,
760651,12882,0,,,,
760764,12879,0,,,,
760877,12878,0,,,,
760990,12881,0,,,,
761103,12946,0,,,,
761216,12885,0,,,,
761329,12883,0,,,,
761442,12877,0,,,,
761556,12875,0,,,,
761669,12878,0,,,,
761782,12878,0,,,,
761895,12877,0,,,,
762008,12874,0,,,,
762121,12874,0,,,,
762234,12878,0,,,,
762347,12913,0,,,,
762460,12981,0,,,,
762573,13016,0,,,,
762687,13002,0,,,,
762800,12986,0,,,,
762913,12972,0,,,,
763026,12959,0,,,,
763139,12938,0,,,,
763252,12915,0,,,,
763365,12902,0,,,,
763477,12899,0,,,,
763591,12899,0,,,,
763704,12892,0,,,,
763817,12890,0,,,,
763930,12891,0,,,,
764043,12893,0,,,,
764156,12898,0,,,,
764269,12898,0,,,,
764382,12897,0,,,,
764495,12896,0,,,,
764608,12893,0,,,,
764722,12891,0,,,,
764835,12896,0,,,,
764948,12903,0,,,,
765061,12922,0,,,,
765174,12934,0,,,,
765287,12947,0,,,,
765401,12973,0,,,,
765514,12991,0,,,,
765627,13021,0,,,,
765740,13065,0,,,,
765853,13023,0,,,,
765966,12976,0,,,,
766079,12931,0,,,,
766192,12903,0,,,,
766305,12888,0,,,,
766419,12879,0,,,,
766532,12871,0,,,,
766645,12866,0,,,,
766758,12871,0,,,,
766871,12873,0,,,,
766984,12870,0,,,,
767097,12868,0,,,,
767210,12901,0,,,,
767323,12959,0,,,,
767436,12928,0,,,,
767550,12894,0,,,,
767663,12879,0,,,,
767776,12873,0,,,,
767889,12868,0,,,,
768002,12868,0,,,,
768116,12869,0,,,,
768229,12869,0,,,,
768342,12870,0,,,,
768455,12869,0,,,,
768568,12866,0,,,,
768681,12864,0,,,,
768794,12867,0,,,,
768907,12866,0,,,,
769020,12862,0,,,,
769133,12860,0,,,,
769246,12858,0,,,,
769360,12859,0,,,,
769473,12858,0,,,,
769586,12856,0,,,,
769699,12855,0,,,,
769812,12858,0,,,,
769925,12858,0,,,,
770038,12865,0,,,,
770151,12866,0,,,,
770264,12866,0,,,,
770377,12862,0,,,,
770490,12860,0,,,,
770604,12855,0,,,,
770717,12852,0,,,,
770830,12844,0,,,,
770943,12846,0,,,,
771056,12844,0,,,,
771169,12838,0,,,,
771282,12835,0,,,,
771395,12837,0,,,,
771508,12834,0,,,,
771621,12831,0,,,,
771734,12827,0,,,,
771848,12826,0,,,,
771961,12828,0,,,,
772074,12825,0,,,,
772187,12822,0,,,,
772300,12821,0,,,,
772413,12823,0,,,,
772526,12822,0,,,,
772639,12826,0,,,,
772752,12826,0,,,,
772865,12824,0,,,,
772979,12823,0,,,,
773092,12825,0,,,,
773205,12831,0,,,,
773318,12828,0,,,,
773431,12830,0,,,,
773544,12832,0,,,,
773657,12831,0,,,,
773770,12830,0,,,,
773883,12829,0,,,,
773996,12831,0,,,,
774109,12928,0,,,,
774222,12832,0,,,,
774336,12831,0,,,,
774449,12830,0,,,,
774562,12831,0,,,,
774675,12830,0,,,,
774788,12830,0,,,,
774901,12828,0,,,,
775014,12827,0,,,,
775127,12823,0,,,,
775240,12826,0,,,,
775353,12826,0,,,,
775466,12825,0,,,,
775580,12825,0,,,,
775693,12824,0,,,,
775806,12823,0,,,,
775919,12825,0,,,,
776032,12825,0,,,,
776145,12823,0,,,,
776258,12820,0,,,,
776371,12820,0,,,,
776484,12821,0,,,,
776597,12821,0,,,,
776711,12822,0,,,,
776824,12821,0,,,,
776937,12820,0,,,,
777050,12817,0,,,,
777163,12816,0,,,,
777276,12817,0,,,,
777389,12819,0,,,,
777502,12818,0,,,,
777615,12818,0,,,,
777728,12817,0,,,,
777841,12820,0,,,,
777955,12817,0,,,,
778068,12814,0,,,,
778181,12813,0,,,,
778294,12812,0,,,,
778407,12811,0,,,,
778520,12811,0,,,,
778633,12810,0,,,,
778746,12809,0,,,,
778859,12808,0,,,,
778972,12807,0,,,,
779085,12809,0,,,,
779199,12810,0,,,,
779312,12808,0,,,,
779425,12807,0,,,,
779538,12806,0,,,,
779651,12806,0,,,,
779764,12807,0,,,,
779877,12807,0,,,,
779991,12806,0,,,,
780104,12804,0,,,,
780217,12804,0,,,,
780330,12802,0,,,,
780443,12803,0,,,,
780556,12803,0,,,,
780669,12804,0,,,,
